obeti_usmr,obeti_lehc,obeti_tezc,prejezd_id,distance
0,0,0,P4950,14.1193418904
0,0,0,P3608,0.958032359674
0,0,0,P5731,3.19374860038
1,0,0,P551,2.75929287451
0,0,0,P1059,5.79128743886
0,0,0,P1048,280.819350349
0,1,0,P2330,3.44924565013
0,0,0,P2331,2.24585282269
0,0,0,P1056,7.301731463
0,0,0,P48,8.77895243209
0,0,0,P2335,0.748108195165
0,0,0,P5771,15.9777252774
0,1,0,P4933,2.36277703431
0,0,0,P4933,2.94542599866
1,0,0,P269,15.484200819
0,0,0,P2218,4.70891036959
0,0,0,P2214,9.79705911947
0,0,0,P270,6.21214125887
0,0,0,P1576,28.0801389561
0,0,0,P5576,3.73041526973
0,1,0,P1107,15.4656940223
0,1,0,P1566,1593.78384962
0,1,0,P1577,10.9194359772
0,0,0,P6099,14.3897430822
0,0,0,P6135,29.725963977
0,0,1,P5570,13.1835417127
0,0,0,P1597,26.6654627648
0,2,0,P1085,10.3096368139
0,0,0,P5603,5.82729656405
0,0,0,P5594,11.2674142576
0,0,0,P6459,3.18508030842
0,0,0,P484,4.36333803954
0,1,0,P486,12.7811802807
0,0,0,P6283,341.000348186
0,0,0,P484,34.8258282344
0,0,0,P1032,6.13456700899
0,1,0,P1422,2.98609794791
1,1,0,P965,13.2428574309
0,0,0,P965,4.27784263601
0,0,0,P1370,1.3786578491
0,0,0,P947,4.42667157296
0,1,0,P1387,1.46457922485
0,0,0,P6309,1.69021528325
0,0,0,P6248,5.30774687458
0,0,0,P6322,3.1398596565
0,0,0,P6101,105.151965826
0,1,0,P6101,3.65267325156
0,0,0,P6136,1316.21603149
0,0,0,P6248,5.1394662312
0,0,0,P6387,1.64747550537
0,0,0,P706,5.17498160814
0,0,1,P687,9.39229926509
0,1,0,P687,21.7893516401
0,0,0,P632,6.13172802286
0,0,0,P936,4.09897135361
1,0,0,P938,3.38104715932
0,0,0,P899,8.59815058314
0,0,0,P847,2.27234090477
0,4,1,P941,1.120084644
0,0,0,P899,2.16762943662
0,0,0,P598,266.95816972
0,0,0,P598,4.59888290365
0,1,0,P883,146.102543056
0,0,0,P286,23.2324093254
0,0,0,P298,3.80752467485
0,0,0,P1681,30.0083164595
0,0,0,P870,1.78247085466
0,0,0,P1678,1.02775848465
0,0,1,P3537,2.71623119316
0,0,0,P3543,2.4299561245
0,0,0,P2581,3.36478035881
0,0,0,P3459,5.51197728654
0,1,0,P3467,9.26441174611
0,0,0,P1900,1015.96172164
0,0,0,P1900,3334.23962982
0,0,0,P1900,3216.26403419
0,0,0,P73,3553.13528708
0,0,0,P2959,1.48598733603
0,0,0,P835,14114.1006455
0,0,0,P2422,1.97503309262
0,1,0,P2542,2.52256847944
0,0,0,P2273,2.25492244819
0,0,0,P2959,4.9745859054
0,0,0,P2964,19.0284793356
0,0,0,P2960,56.7082054651
0,0,0,P1924,26.2485572323
0,0,0,P1930,1457.94825633
0,0,0,P63,2.28808116444
0,1,0,P2284,62.9090946993
0,1,0,P1703,3.17644555961
0,0,0,P2161,7.79264149401
0,0,0,P2164,1.82226286975
0,0,0,P2166,5404.20878244
0,0,0,P1989,1443.75068282
0,0,0,P1945,4.7887881633
0,0,0,P1948,26.0276105168
0,0,0,P1947,6.3517246801
0,0,0,P2059,1.29861585371
0,0,0,P2085,2.70410939596
0,1,2,P2965,4.42906816299
0,0,0,P3991,0.764552916988
0,0,0,P4450,23.190828239
0,0,0,P5378,4.29044569931
0,0,0,P5373,1740.67118655
0,0,1,P5222,0.900670074685
0,0,0,P5223,3.62928490962
0,1,0,P4014,0.673947842834
0,1,0,P4675,1.77933510348
0,0,0,P4467,3.42004590125
0,0,0,P3115,20.8116487571
0,0,0,P5091,3.09456968265
0,0,0,P5097,4.4211239815
0,1,0,P4107,7.45383335103
0,0,0,P4880,24.1631455197
0,0,0,P4038,7.80692094143
0,0,0,P4107,6.30911212924
0,0,0,P4136,5.25022198164
0,0,0,P4513,13.7731375431
1,0,0,P5236,4.03920790408
0,0,0,P4539,34.6045567233
0,0,0,P6811,7.62118117796
0,1,0,P6801,7191.19953659
0,0,0,P6805,6.54189862732
0,0,0,P7071,2.41752872406
0,0,0,P7898,2.75493883213
0,1,0,P3950,0.899831678714
0,0,0,P3821,5.13550962151
0,0,0,P8345,5.02563708996
0,1,0,P8151,4.73977752277
0,0,0,P8345,5.65802892289
0,0,0,P8134,10.3536701257
0,2,0,P8141,13.6192406027
0,0,0,P7924,13.5430237661
0,2,0,P3962,30.3338716283
0,0,0,P7719,20.7150927347
0,0,0,P7549,19.8772338132
0,0,0,P8308,17.4667859283
0,0,1,P8302,8.49857867823
0,0,0,P7367,18.867014937
0,0,0,P7405,578.776474132
0,0,1,P7396,21.230760622
0,0,0,P7408,17.3033130052
0,0,0,P8340,1244.22270607
0,0,1,P8271,8.25879825137
0,0,0,P8284,1576.65498568
0,0,0,P8278,40.209936061
0,0,0,P8340,1428.29176807
0,0,0,P8280,93.2360188716
0,0,0,P8330,9.19425272624
0,1,0,P8340,7.48399040514
0,0,0,P8290,1152.11333202
0,0,0,P8295,689.048607614
0,1,0,P8295,26.0387271354
0,0,0,P8292,26.6051728754
0,0,0,P6510,17.3228862173
0,0,0,P6513,6701.36107593
0,0,0,P6699,30.3354611004
0,0,1,P7847,17.5148025616
0,0,0,P7808,3.59406739318
0,0,0,P7890,17.8541121793
0,0,0,P7735,4.44413372484
0,1,0,P7812,3.73397843524
0,6,0,P7770,7.0470225562
0,0,1,P7737,23.2049106506
0,0,0,P7397,1432.28330766
1,0,0,P7725,2.9199215224
0,1,0,P7397,2002.32546451
0,1,0,P7397,1527.64601183
0,1,0,P6520,7.71011244437
0,1,0,P7604,14.2386170448
0,0,0,P7519,14.6673249036
0,0,0,P6518,359.770819613
0,0,0,P6518,9.69718579014
0,0,0,P6532,335.788916422
0,0,0,P6664,15.215012934
0,0,0,P6525,29.8549708781
0,0,0,P6527,25.7873390612
0,0,0,P8177,2.78855641052
0,0,0,P6528,383.439664588
0,0,1,P8392,570.91376921
0,0,0,P6656,12.1355140632
0,0,0,P4148,55.3867341792
0,0,0,P4236,4953.37493584
0,0,0,P4268,22.4494196187
0,0,0,P4342,9.65817555832
0,1,0,P6546,13.6724643002
0,0,0,P6542,6.66191809548
0,1,0,P6542,7.77909985332
0,0,0,P6547,11.5543123984
0,0,0,P8164,19.2114448289
0,0,0,P8222,1819.92938655
0,0,0,P8236,39.8305350327
0,0,0,P8222,844.606227224
0,1,0,P8222,1808.34060913
0,1,0,P8240,18.4852757484
0,0,0,P7243,16.3966402049
0,0,0,P8175,6.98222078482
0,3,0,P7272,3.26701959248
1,0,0,P8172,1.86493372264
0,0,0,P7953,0.258954150505
0,0,1,P7957,23.4438405541
1,0,0,P7420,9.33134655427
0,3,0,P7426,1.90108905334
0,0,0,P8053,26.2352344734
0,0,0,P7417,11.3816524839
0,0,0,P3812,1.4646205194
0,0,0,P3642,9.48315742894
0,0,0,P3836,21.5766463229
0,0,0,P3836,4.39349453865
0,0,0,P3640,6.12275601455
0,0,0,P3662,20.342767345
0,0,0,P3836,2.79506784609
1,2,0,P3643,2.08851935602
0,0,0,P7039,1.5843033804
0,0,0,P5272,6.71639431449
0,0,0,P5259,44.287456523
0,0,0,P5893,25.6823541726
0,1,0,P5271,8.17695947689
0,0,0,P6204,14.0172707562
0,0,0,P5299,0.720444853998
0,0,0,P5334,1.70579594334
0,0,0,P3760,7.04007741315
0,0,0,P5359,94.1472192803
0,0,0,P6824,4.95207093404
0,0,0,P6847,2.61107364095
0,0,0,P5190,2.35422443687
0,0,0,P5209,70.9808743198
0,0,0,P4889,13.9180707195
0,0,0,P4889,2.83185275007
0,0,0,P5200,3.61787262983
0,0,0,P6483,176.491573984
0,0,0,P3253,8.84346651748
0,0,0,P3395,12.4346545454
0,1,0,P3240,2.86295769661
0,1,0,P3237,903.002900125
0,0,0,P5544,5.60935677447
0,0,0,P2842,2.20780243459
0,0,0,P2819,3.29090935685
0,0,0,P2883,11.3598002758
0,0,0,P3112,13.5260220517
0,0,0,P2899,2.42694316886
0,1,0,P100,7.20071164617
0,1,0,P301,6.15063684023
0,0,0,P156,4.34049011135
0,0,0,P255,46.6975986741
0,5,0,P394,6.28767050042
0,0,0,P366,3.52667756129
0,0,0,P85,1.67255870664
0,1,0,P405,1.3440197178
0,0,0,P147,5.71905175248
0,0,0,P89,15.5790080146
0,0,0,P2199,2.53680703641
0,0,0,P262,1492.10321865
0,0,1,P5790,11.8462668253
0,0,0,P5690,1.72151313427
0,0,0,P4956,4.38984795489
0,0,0,P4637,12.8459283555
0,1,1,P3208,2.56572848307
0,0,0,P2800,1698.82051653
0,0,0,P2330,114.629903551
0,0,0,P2779,6.49457526115
0,0,0,P2229,48.9966986506
0,0,0,P1139,11.8260369503
0,2,0,P488,0.8285057519
0,0,0,P715,18.8939188587
0,0,0,P309,912.67226387
0,1,0,P172,4.81303840809
0,0,0,P405,14.3420623075
0,0,1,P299,11.5968608669
0,0,0,P2416,5.49377270835
0,2,0,P3367,17.8254095334
0,0,0,P4485,0.878670501011
0,0,0,P4676,2.07564759139
0,1,0,P4696,4.23328135484
0,0,0,P4534,11.6708575607
0,1,0,P4523,10.1984269091
0,0,0,P4788,2.49659783747
0,2,0,P8223,9.53877049673
0,1,0,P8134,4.18091158823
0,0,0,P7938,23.5569768082
0,1,0,P3765,11.704007879
0,2,0,P5258,5.04954510393
0,1,2,P8326,8.19544103388
0,0,1,P7604,2.53916217249
0,1,0,P7744,6.92977801577
0,3,0,P4199,2.50292646487
0,0,0,P7275,11.3350659098
1,0,0,P3854,1.00020434434
0,0,0,P3681,3.85900431301
0,2,1,P2819,2.36266896197
0,0,0,P100,5.12741219076
0,0,0,P835,14114.1006455
0,0,0,P5674,2.54306401459
0,0,0,P835,14114.1006455
0,0,0,P2192,0.791429790319
1,0,2,P2200,2.18365686839
0,0,0,P263,7.73737720617
0,0,0,P262,14.3190332873
0,0,0,P261,18.5837795357
0,0,0,P1,3.72068150466
0,0,0,P2656,7.09730356119
0,0,0,P2199,2.22826819126
0,0,0,P3,5.62172835581
0,1,2,P10,2.10325564653
0,0,0,P1,2965.03005564
0,0,0,P2658,22.7479714895
0,0,0,P2659,1810.94263347
0,0,0,P262,10.49617966
0,0,0,P4,5.23506055038
0,0,0,P3617,10.1758785128
0,0,0,P1,2945.12152665
0,0,0,P2656,8.3242223409
0,0,0,P2658,1.57396034358
0,0,0,P2658,2.88031188608
0,0,1,P10,2.45577561603
1,0,0,P11,7.37930868328
0,0,0,P2655,3.4011892565
0,0,0,P1,2949.09158646
0,0,0,P1,2.17757169775
0,0,0,P9,1.61103242827
0,0,0,P262,21.4024479669
0,0,0,P6029,12.9584279223
0,0,0,P5778,10.2974226931
0,0,0,P6053,3.40658542785
0,0,0,P5662,6.56164028622
0,0,0,P6029,11.6842233524
0,0,0,P6023,1872.68333508
0,1,0,P6033,350.188409199
0,0,0,P5689,4.2048194897
0,0,0,P5678,7.16640296976
1,0,0,P5690,2.5585861291
0,0,0,P6063,3.12501862433
0,0,0,P5699,99.3929738724
0,0,0,P5791,1141.44920455
0,0,0,P5795,4.09331631041
0,2,0,P6061,4.58427851682
0,0,0,P5790,15.4766537768
0,0,0,P5678,6.9041462544
0,0,0,P2315,1.32962967418
0,0,0,P2320,10.6440627173
0,0,0,P835,14114.1006455
0,0,0,P279,0.646953978593
0,0,0,P2319,12.8604286416
0,0,0,P279,7.2459283835
0,1,0,P278,2.08570243191
0,0,0,P592,24.6663555532
0,0,0,P557,1.92969505772
0,1,0,P575,1.9093767709
0,0,0,P2319,5.36895990015
0,1,0,P584,4.34396519493
0,1,0,P2318,3.71286291922
0,0,0,P275,2.8119667726
0,0,0,P2319,8.81539774606
0,0,0,P30,7.34230494208
0,0,0,P2451,20.6503538231
0,0,1,P2447,1.52764055859
0,0,0,P21,11.7197618751
0,0,0,P24,46.66703652
0,0,0,P2105,12.7862961538
0,0,0,P2106,26.3969834057
0,0,0,P31,28.20391071
0,1,0,P2133,3.91658172296
0,0,0,P2262,11.2487969315
0,0,0,P2449,1.06953354273
0,0,0,P20,7.08972265507
0,0,0,P2116,10.3454955149
0,0,0,P2573,44.0028370165
1,0,1,P2564,3.04692057725
1,1,0,P2124,5.91824317588
0,0,0,P2447,0.742717038433
0,0,0,P2447,0.708545336295
0,1,0,P2448,4.7986103228
0,0,0,P22,5.73049385626
0,0,0,P2448,4.36717217324
0,1,2,P2140,8.80653978019
0,0,0,P4923,587.039280249
0,0,0,P4926,20.1532632818
0,0,0,P4975,3.02564390098
0,1,0,P4920,26.3808666881
0,0,0,P4979,3.96332918981
0,0,0,P5911,1.02083811242
0,0,0,P5904,27.7364894207
1,0,0,P3580,3.82935894102
0,0,0,P8396,77.7630498988
0,1,0,P4975,58.3499837445
0,1,0,P3738,18.858877949
0,0,0,P3723,14.3852050978
0,0,0,P3716,3.37256178232
1,0,1,P3747,5.31320439141
0,0,0,P3737,10.5724637821
0,0,1,P3737,10.7725155879
0,0,0,P5827,22.8583252672
0,0,0,P3723,4.77571660472
0,2,1,P5857,2.24049594798
0,0,0,P3719,3.09600327062
1,0,0,P3724,2.31750019998
0,0,0,P3737,14.327804449
0,0,0,P2999,27.5289723765
0,1,0,P2439,11.6049952963
0,0,0,P3022,9.90711411234
0,0,0,P2468,2069.7129466
0,0,0,P2394,8.87036046563
0,1,0,P2403,8.23564017825
0,0,0,P2999,4.46327078232
0,0,0,P2674,161.731784489
0,1,0,P3031,20.7084820604
0,4,0,P2752,13.2747891906
3,0,0,P2939,0.709024050556
0,0,0,P2405,15.2707735593
0,0,0,P2409,7.98729998478
0,0,0,P2394,11.5965785561
0,1,0,P835,14114.1006455
0,0,0,P2439,12.1605680623
0,0,0,P2468,1507.04619841
0,0,0,P2405,4.08971555021
0,0,0,P2675,4.58407600557
0,0,0,P2667,486.6968409
0,0,0,P2670,6.817437529
0,1,2,P835,14114.1006455
0,0,0,P2677,12.1530225833
0,0,1,P2473,49.2315757431
0,0,0,P2440,1.77021488733
0,0,0,P2670,4.60499465133
0,0,0,P2403,12.0128984654
0,0,0,P2675,9.25422480627
0,0,0,P835,14114.1006455
0,0,0,P2931,5.31031252596
0,0,0,P3001,219.560428153
0,0,0,P2783,4.67703268939
1,0,0,P2762,0.50664451892
0,0,0,P3022,3.95466704769
0,0,0,P2394,2.15782518715
0,0,0,P2673,17.9013682349
0,1,0,P2944,1.96496979832
0,0,0,P3207,20.9789861649
0,0,0,P4636,8.46239322081
0,0,0,P3199,10.2516791935
0,0,0,P4642,7.04262736202
0,0,0,P2695,45.207622419
0,0,0,P2806,54.0003211033
0,0,0,P2800,1681.19348437
0,0,0,P4655,19.0530647193
0,1,0,P4638,9.30216389407
0,0,0,P2779,56.2131560826
0,0,0,P3311,5.92468445051
0,2,0,P2706,88.5153894389
0,0,0,P2806,11.3961485247
1,0,2,P2692,5.23590161712
1,0,0,P2804,5.5601855314
0,0,0,P2715,5.19271156044
1,0,0,P2805,7.79750632698
0,1,0,P4637,2.25309182699
0,0,0,P2706,6.79155566503
0,0,0,P2803,16.0745729501
0,0,0,P2697,30.5778728052
0,0,0,P4642,17.9933584554
0,3,2,P2804,0.885645642581
0,0,0,P4642,3.93187003961
0,0,0,P2709,15.9700606279
2,3,1,P2805,3.57206221956
0,0,0,P4638,43.8646012425
0,0,0,P4650,9.51773661625
0,0,1,P2778,5.96558970921
0,0,0,P2692,6.56173514431
0,0,0,P4646,3.90106438774
0,1,0,P4940,7.47602344418
0,0,0,P2772,14.9112834664
0,0,0,P3590,0.597336076439
0,0,0,P3609,556.810047968
0,0,0,P4576,30.2875726963
0,0,0,P3595,3.91030245446
0,0,0,P3606,8.44704337054
0,0,0,P4592,8.95730766129
0,0,0,P3588,14.1732246807
0,0,0,P4940,11.2990012665
0,0,1,P4579,31.6517915412
0,0,0,P835,14114.1006455
0,0,0,P3606,2.04515336323
0,0,0,P2923,6.65812958233
0,0,0,P4937,5.27357464967
0,0,0,P3973,1.49244918744
0,0,0,P3606,2.06402477606
0,0,0,P3611,2.20977667032
1,0,0,P2789,4.48636486379
0,0,0,P3968,5.11344526445
0,0,0,P4931,16.8359318638
0,1,0,P2789,4.61084615408
0,0,0,P525,11.6968753623
0,0,0,P6078,73.7868332915
0,0,0,P537,4.3951286778
0,0,0,P531,5.34641656317
0,0,0,P551,11.4013792664
0,0,0,P525,4.12659410802
0,0,0,P525,11.5314450493
0,0,0,P537,3.55752704455
0,1,0,P5738,15.0277232677
0,0,0,P5733,1.07802564084
0,0,0,P525,4.46286222114
0,0,1,P5735,3.52336204771
0,0,0,P531,1.7016012454
0,0,0,P525,3.61468073588
0,0,0,P525,3.41338395997
0,0,0,P525,1.74126888646
0,0,0,P544,2.19977644126
0,0,0,P526,8.88154713658
0,0,0,P544,2.94095047613
0,0,0,P6092,5.85590099328
0,0,0,P550,10.9128576094
0,0,0,P5731,236.639305185
0,0,0,P544,10.4091014617
2,0,0,P527,3.04012466662
0,3,0,P2330,17.6619088206
0,0,0,P2332,101.060134451
0,0,0,P2322,124.928261247
0,0,0,P1047,11.0165913187
0,0,0,P2332,13.1959038755
0,0,0,P47,20.7510537625
0,0,0,P2332,97.537250262
0,0,0,P2335,5.25109865023
1,0,0,P2330,2.08842615732
0,0,0,P2332,0.8808047934
0,2,0,P2330,2.48794661352
0,0,0,P1047,4.61024436626
0,0,0,P835,14114.1006455
0,0,0,P2332,45.1420208709
0,0,0,P1047,83.1861508274
0,0,0,P47,1.2884886286
0,0,0,P1047,7.3894890344
0,0,0,P835,14114.1006455
0,0,0,P264,1.73364733132
0,0,0,P2230,7.36693221408
0,0,0,P835,14114.1006455
0,0,0,P2236,166.74245342
0,0,0,P18,10.4583259609
0,0,0,P5754,14.9195510567
0,0,0,P19,18.9430260678
0,0,0,P2779,30.9714187204
0,0,0,P268,11.0905290715
0,0,0,P268,20.1460850329
0,0,0,P3615,60.7729050474
0,0,0,P3615,14.4774736679
0,0,0,P2396,2980.29780194
0,0,0,P2779,16.5430810244
0,0,0,P5754,41.2203607052
0,0,0,P5754,1028.43122976
0,0,0,P267,5.39010985387
0,0,0,P270,9.06242009271
0,0,0,P2767,46.571975194
0,0,0,P19,91.609658066
0,0,0,P19,287.363751785
0,0,0,P267,426.63802773
0,0,0,P19,29.9586809585
0,0,0,P5754,8.50434168727
0,0,0,P5671,14.2733219019
0,0,0,P5756,10.6026467703
0,0,0,P2396,2955.27268187
0,0,0,P270,7.91205522294
0,0,0,P835,14114.1006455
0,0,0,P270,197.534070563
0,0,1,P2229,23.7908379484
0,0,0,P2729,5.81729935695
0,0,0,P2663,22.9140095048
0,0,0,P5754,7.2390994053
0,0,0,P19,87.6745325382
0,0,0,P2662,10.8334430574
0,0,0,P2728,2151.62844523
0,0,0,P5705,240.675678142
0,0,0,P19,26.8799569109
0,0,0,P5756,794.643327406
0,0,0,P270,1.47541090423
0,0,0,P835,14114.1006455
0,0,0,P270,37.2038953411
0,0,0,P2779,133.651075171
0,0,0,P264,349.067939201
0,0,0,P2396,2960.06413807
0,0,0,P2236,7.0905780513
0,0,0,P2731,12.6981374436
0,0,0,P2726,5.14481883352
0,0,0,P2230,3.63003259796
0,0,0,P264,91.4603216129
0,0,0,P2232,2.94485471772
0,0,0,P265,5.40700490714
0,0,0,P268,729.899086375
0,0,0,P5666,3.08970565231
0,0,0,P5671,4.42480290551
0,0,0,P2662,5.18559584955
0,0,0,P4933,4.3048992443
0,0,0,P264,2.3047147542
0,0,0,P264,11.9404894119
0,0,0,P2396,2901.14240496
0,0,0,P271,111.123636571
0,0,0,P5754,6.92063717224
0,0,0,P2400,255.267405379
0,0,0,P5581,7.44631705524
0,0,0,P5575,2.60653908407
0,1,0,P1564,11.9719739854
1,0,0,P5576,6.24233964908
0,1,0,P1564,7.22672110667
0,1,0,P1128,999.939540133
0,2,0,P1123,3.98742862505
0,0,3,P6093,4.41319249285
0,0,0,P1081,29.2896958348
0,0,0,P1114,519.859521588
0,2,0,P6094,4.43140147833
0,0,0,P1137,673.434230016
0,0,0,P1125,808.769107041
1,0,0,P1563,4.04830034882
0,0,0,P1133,4.29768786387
0,0,0,P1133,3.03304849063
0,0,0,P1117,133.936551075
0,0,0,P5579,20.7566929212
0,0,0,P1576,11.7366641539
0,0,0,P5579,15.1154837234
0,0,0,P6099,11.3097610108
0,0,0,P835,14114.1006455
0,0,0,P1594,6.40169841738
0,1,0,P1611,2593.84899831
0,0,0,P6115,9.16535332529
0,0,0,P5563,22.1768323766
0,0,0,P1584,21.7543492054
0,0,0,P6110,5.98622751965
1,0,0,P6123,11.9559115525
0,0,0,P1603,1.32277888726
0,0,0,P835,14114.1006455
0,0,0,P1612,4003.70164234
0,0,0,P6116,40.5028429404
0,1,0,P5563,19.4409292276
0,0,0,P5563,18.7856073969
0,2,0,P6158,1.79338083336
1,0,0,P6146,8.18979938073
0,0,1,P1085,15.9785093899
0,0,1,P5628,10.8055161105
0,0,0,P6176,7.30448306167
0,2,0,P6167,1405.76418082
0,0,0,P6442,3.11698392866
0,0,0,P6156,14.0407617742
0,0,0,P6141,1.48434028543
0,0,0,P5582,10.1351309973
0,0,0,P5603,7.6002381697
0,0,0,P6169,4278.41122652
0,0,0,P6176,4798.21520376
0,0,0,P6165,1115.54397035
0,0,0,P6176,4803.40296459
0,0,0,P5606,29.4152950195
0,0,0,P5622,21.0465421014
0,0,0,P6167,1399.85487083
0,1,0,P6172,2842.19562539
0,0,0,P6141,14.1474659199
0,0,0,P5622,0.903504362598
0,0,0,P1085,12.1753928271
0,1,0,P6147,1.44031466713
0,2,0,P6168,2599.69860215
0,1,0,P5603,17.3928526321
0,0,0,P1085,11.0252964653
0,0,0,P6156,1.57006551036
0,0,0,P5628,1.54853935061
0,0,0,P6441,14359.7563972
0,1,0,P6443,5.65344112985
0,0,0,P6164,10.5296239541
0,0,0,P5615,9.79336643906
0,0,0,P6169,3864.94870888
0,0,0,P5602,17.4438037562
0,0,0,P5592,19.7944838232
0,0,0,P5602,4.8048410267
0,0,0,P5596,18.8857257531
0,0,0,P5607,14.0589550778
0,0,0,P6381,6326.78567258
0,0,0,P6353,9.96294423439
0,0,0,P6353,13.728933349
0,1,0,P3807,9.24784834321
0,0,0,P6381,6329.03534081
0,0,0,P6381,11819.6300611
0,0,0,P6351,14.7613977009
0,0,0,P6185,10.8405570808
0,0,0,P6382,4735.93867562
0,0,1,P6381,6310.18366528
0,0,0,P6353,3.77562081524
0,0,0,P6340,11.1568170605
0,0,0,P3805,12.0344316356
0,1,0,P6351,19.5337076041
0,0,1,P488,1.20943706206
0,0,0,P1150,2.74586233574
0,0,1,P516,4.49965150665
0,1,0,P1150,222.569154909
0,2,3,P6259,1.62646187241
0,0,0,P1148,8.72103137432
0,0,0,P505,13.94048591
0,0,0,P6280,1.19330101238
0,0,0,P6270,2.2747454242
0,0,0,P505,5.25323611736
0,0,0,P1150,14.7614518188
0,1,0,P1148,2.31310694804
1,0,0,P1149,6.81207595007
1,0,0,P516,2.97838151116
0,0,0,P491,18.1824107049
0,1,0,P486,5.15232171601
0,1,0,P989,33.3698183437
0,0,0,P1558,1.90848939777
0,0,0,P1452,575.448924086
0,0,0,P984,2.31840399107
0,0,0,P984,1.02303605611
0,0,0,P1496,6.45796685891
0,0,0,P947,5.92643813036
0,0,0,P1419,4.18306458809
0,0,0,P1166,1.33362050251
0,0,0,P1417,376.214664868
0,0,0,P1352,2.5306748318
0,0,0,P1383,2.30608961276
0,0,0,P948,3.35508674565
0,1,0,P944,5.6244655248
1,0,0,P1422,5.06369225516
0,0,0,P1339,19.5121175202
0,0,0,P1144,9.03498571115
0,0,1,P6102,2558.96766178
0,0,0,P6101,1.34525440732
0,0,0,P5647,819.509133925
0,2,0,P6136,1321.73016127
0,2,0,P6136,1328.31790362
0,1,0,P5645,1.47814465983
0,0,0,P6248,2.46090342237
0,0,0,P6102,1209.17465027
0,0,0,P6102,2000.92967706
0,0,0,P5631,26.9460149264
0,0,0,P5641,937.615145612
0,0,0,P5637,5.99865395657
0,0,0,P687,15.1787833149
0,0,0,P633,19.6632552188
0,0,0,P615,12.0566672915
0,0,0,P683,4.11794112897
0,0,0,P695,1.25908873293
1,0,0,P686,4.09882770589
0,2,0,P705,1.62306485926
0,0,0,P633,17.0201593056
0,0,0,P615,8.87527743549
0,4,0,P691,5.94908957043
0,2,0,P717,13.8309711616
0,2,0,P616,3.95212743743
0,0,0,P615,6.66463273288
0,0,0,P706,2.6543382151
0,0,0,P318,0.877241088116
0,0,0,P318,6.86718851488
0,0,0,P333,36.8436431647
0,0,0,P94,23.6398243102
0,0,0,P100,14.9840603239
0,0,0,P331,16.0777477087
0,0,0,P117,3.25138169156
0,0,0,P105,7.94847888596
0,0,0,P308,24.0828221895
0,0,0,P326,12.4094683789
0,0,0,P318,8.94149787333
0,0,1,P113,0.164715275876
0,0,0,P835,14114.1006455
0,0,0,P149,5.28030567742
0,0,0,P379,2.85276378127
0,0,0,P165,207.661847293
0,0,0,P83,5.90911176384
0,0,0,P82,88.0285279728
0,2,0,P155,2.48808943281
0,0,0,P155,2.29315957128
0,0,0,P157,5.83303297385
1,5,0,P208,11.9797094466
0,0,0,P171,29.5042867823
0,0,0,P78,2.80739284483
0,0,0,P1799,2.17174040747
0,0,0,P149,4.11566386428
0,0,1,P155,2.80467763862
0,0,0,P149,16.0539565625
0,0,0,P156,3.39882611587
0,0,0,P85,1.09950298377
0,0,0,P899,77.8577268606
0,0,0,P916,3.16322745047
0,0,0,P899,4.0368882745
0,0,0,P930,18.0725232122
0,0,0,P941,0.974470251321
0,0,0,P1178,51.313390479
0,0,0,P845,2.72288596983
0,0,0,P847,6.81122512613
0,0,0,P913,17.1197381619
0,0,0,P916,35.9222182823
0,0,0,P1180,3.35777953196
0,0,0,P1178,4.6709431997
0,0,0,P845,1.86852198044
0,0,0,P921,4.88026692199
0,0,0,P1178,5.15321966743
0,0,0,P921,3.55204712614
0,0,0,P1178,12.3241073993
0,0,0,P598,981.357690136
0,0,0,P884,14.2315336575
0,0,0,P598,384.562295267
0,0,1,P598,26.06043744
0,0,0,P886,1285.05191465
0,1,0,P1671,14.2573910163
0,0,0,P1191,5.1165443613
0,0,0,P1190,1.58043498528
1,0,0,P872,6.67660629181
0,0,0,P1184,17.3942398958
0,0,0,P1184,7.14503400065
0,0,0,P1200,5.03103289371
0,1,0,P647,6.23668755993
0,0,0,P1684,3.16867261608
0,0,0,P599,4.84077017042
0,0,0,P1681,2.11890618161
0,0,0,P1757,4.34048122447
0,0,0,P646,31.803303525
0,0,0,P1675,1.05079003009
1,0,0,P1673,4.23600029256
1,0,1,P1679,1.4117907065
0,0,0,P647,6.43213416036
0,0,0,P286,0.878148351626
0,1,0,P1671,14.2573910163
0,0,0,P448,2.28347463574
0,1,0,P1679,1.40041742287
0,0,0,P1208,3.4214576452
0,0,0,P457,1.84525760836
0,1,0,P1207,4.5028989905
0,0,0,P459,14.2560373906
0,0,0,P1211,2.79642926068
0,0,0,P473,2.83331338473
0,0,0,P1217,3.74866552342
0,0,0,P1208,8.7132071519
0,1,0,P413,1100.90511795
0,0,0,P413,1132.74007377
0,0,0,P130,307.342023995
0,0,0,P129,2022.69773919
0,0,0,P405,12.9883041532
0,0,0,P137,12.3298932089
0,0,0,P129,2322.68851924
0,0,0,P107,3747.77051672
0,0,0,P90,12.5197509104
0,0,0,P140,9.1311205127
0,0,0,P135,15.3862223918
0,1,0,P255,36.3287275526
0,0,0,P90,1.50573095124
0,0,0,P130,48.6150774487
0,1,0,P792,2.09108011834
0,1,0,P784,7.65179259391
0,0,0,P290,3.47531914474
0,0,0,P799,6.20136140089
0,0,0,P299,2.9111370486
0,0,0,P732,2.58743816064
0,0,0,P3385,3.15654393166
0,0,0,P3240,2.29919634514
0,0,0,P3414,4.01526560782
0,3,0,P3417,4.74167810291
0,0,0,P3402,2.27154360683
0,0,0,P2642,2.58677114508
0,0,0,P3407,5.60826104771
0,0,0,P2578,3.41737280923
0,0,0,P2437,2.49368365881
0,1,0,P2634,19.5470667997
0,0,0,P3533,8.08640662657
0,1,0,P3480,13.2997001821
0,0,0,P3540,24.5951093405
0,0,0,P2996,540.359690486
0,0,0,P3545,4.99051714463
0,0,0,P2437,2.87998777619
0,1,0,P3486,25.7443854857
0,0,0,P2600,0.730771716417
0,0,0,P2992,4.59866857765
0,1,0,P3532,3.02965728149
0,0,0,P3471,21.6705611959
0,0,0,P2600,49.3541050201
0,0,0,P2004,6.7112823322
0,0,0,P2995,6.55349807382
0,0,0,P1896,3738.24901238
0,0,1,P1994,3.69392006205
0,0,0,P2000,1647.0343845
0,0,0,P1963,8.72848966978
0,2,0,P2002,267.484810971
0,0,0,P1963,20.9435227917
0,0,0,P74,6.33899846581
0,0,0,P1963,12.7684983699
0,0,0,P1890,12.9112957625
0,0,1,P1995,3.71364359781
0,0,0,P69,14.2755296342
0,0,0,P74,5.26004372074
0,0,0,P1967,22.18349293
0,0,0,P1963,9.77841975541
0,0,0,P1983,5.24134197662
0,1,1,P1963,7.16451276833
2,0,0,P1961,5.58236500287
0,1,0,P5528,1.75643343451
0,0,0,P5528,6.02989812528
0,0,0,P5536,7.61808050999
0,0,0,P5528,4.48420399527
0,0,0,P5545,29.6547169281
0,0,0,P5493,29.9939585985
0,1,0,P5497,0.721142615967
0,0,0,P5497,1.23700153045
0,0,0,P5521,7.75391705752
1,0,0,P5522,18.3881571116
0,1,0,P3065,1509.56172943
1,1,0,P2813,1.65180765733
0,0,0,P2888,35.1007371625
0,0,0,P2878,0.872126591567
0,0,1,P3436,10.3971859237
0,0,0,P3426,2.50477356382
0,0,0,P3098,15.3468702602
0,0,0,P3436,10.6686869161
0,0,0,P3436,12.3166745553
0,0,0,P2877,3.8578041784
0,0,0,P3066,9.93841744992
0,0,0,P3065,30.2553582762
0,0,0,P3423,2.56420456931
0,0,0,P2850,4.56645121602
0,0,0,P2720,4.90495602939
1,0,0,P2828,2.59868905153
0,1,0,P2852,0.289566098858
0,0,0,P5502,3.84048837336
0,0,1,P2720,4.89823404694
0,0,0,P2816,11.0264367299
0,1,0,P3435,901.436511475
0,0,0,P3098,19.5161403756
0,0,0,P3426,1.17443759376
0,0,0,P2909,14.2763729803
0,0,0,P5507,2.45702304538
0,0,0,P2842,2.19054962104
0,0,0,P3346,4.87066411074
0,0,0,P2957,7.54945371679
0,0,0,P2957,7.58031440384
0,0,0,P2959,16.3001082501
0,0,1,P2309,0.494391531168
0,0,0,P2309,69.733091587
0,0,0,P2958,3.02402580404
0,1,1,P3345,6.31176198186
0,0,0,P2417,3.37361256081
0,0,0,P2948,3.23872198766
0,0,0,P2537,5.22986611693
0,1,0,P2964,14.135150348
0,0,0,P2554,8.71842006243
0,0,0,P2954,1.17796739516
0,0,0,P2959,3.25492242771
0,0,0,P2959,7.57613861839
0,0,0,P2071,5.97008706315
0,0,0,P2948,4009.91722051
0,1,0,P2537,5.05152421833
0,2,0,P2537,0.975532875697
0,0,0,P2488,0.379485166091
0,0,0,P2964,27.6194912522
0,0,0,P3367,2.31607888844
0,0,0,P3367,11.8017822625
0,0,0,P2964,1429.16981138
0,1,0,P3346,1.78381565384
0,0,0,P2416,10.7141112654
0,0,0,P1712,43.1195288824
0,1,0,P1927,8.14011971623
0,0,0,P65,4.55482023355
0,0,0,P2357,377.175574162
0,1,0,P66,20.781517173
0,0,0,P1923,0.816644389719
0,0,1,P1714,9.66717113865
0,0,0,P66,5.71974937536
0,0,0,P835,14114.1006455
0,0,0,P67,20.505624992
1,0,1,P55,2101.07301514
0,0,0,P1706,17.4259251401
0,0,0,P1921,17.0548649949
0,5,0,P1721,7.41300705771
0,0,0,P66,37.9929867422
0,1,0,P2158,1.47176439385
0,0,0,P2154,2.14149376093
0,0,0,P64,117.982512004
0,0,0,P1710,11.4477803257
0,0,0,P50,2.72333941709
0,0,0,P2381,48.5782985446
0,0,0,P1931,20.1591458618
0,0,0,P1923,3.22643449628
0,0,0,P62,1.6635515864
0,0,0,P1702,4.05793401233
0,0,0,P2166,891.316740619
0,1,0,P1987,15.8963211688
0,0,0,P2166,34.573852131
0,0,0,P2166,1466.85508097
0,0,0,P1987,32.2197176444
0,0,0,P1987,9.64069898551
0,0,0,P1947,5.73047647915
0,0,0,P2048,2.67198530459
0,0,0,P1944,3.12465217964
0,0,0,P2098,31.9733233901
0,1,0,P1945,1.64640244883
0,0,0,P2091,11.3966234464
0,0,0,P1947,0.8279152748
0,0,0,P1950,1355.64960874
0,0,0,P1941,1.02215532927
0,0,0,P2052,6.57417237643
0,0,0,P2099,2.53784278095
0,0,0,P1986,3.57584630041
0,0,0,P1947,5.80018374806
0,0,0,P2099,3.00248696269
0,0,0,P2079,18.5518163193
0,0,0,P2424,72.3002883556
0,0,0,P2426,1.43478871775
0,1,0,P2424,25.8013696354
0,0,0,P2965,107.370629271
0,0,0,P2426,282.816708368
0,0,0,P1940,414.706032274
0,0,0,P1940,377.329036557
0,0,0,P2431,4.92336003335
0,0,0,P1940,35.8115808168
0,0,0,P1940,422.425623163
0,0,0,P2077,21.0567738488
0,0,0,P2424,26.2011401858
0,1,0,P2424,392.08905009
0,0,0,P2967,600.463402459
0,1,0,P2079,44.8064078857
0,0,1,P2967,605.37618992
0,0,0,P3083,2.01530291441
0,1,0,P4761,3.11521010786
0,1,0,P5334,672.494803562
0,1,0,P5278,9.07449621335
0,0,0,P3698,2.17506992673
0,0,0,P3791,4.19378279378
0,0,0,P5893,6.09100657513
0,0,0,P5874,3.42750263477
0,0,0,P5272,9.65076616716
0,0,0,P3795,7.50868600186
0,0,0,P3708,0.655392116272
0,0,0,P3690,11.00869562
0,1,0,P3678,4.7492803737
0,0,0,P3798,5.26295107943
0,0,0,P3980,1.39820168761
0,0,0,P4453,12.0348380054
0,1,0,P5384,8.37563985115
0,0,0,P5378,4.17579911659
0,0,0,P4007,981.638685349
0,0,0,P4014,8.84879828837
0,0,0,P4002,344.708257095
0,0,0,P3983,6.3492121509
0,0,0,P5215,28.4892297839
0,0,0,P4019,20.9060370915
0,0,0,P3983,4.13765567166
0,0,0,P3983,27.9073933424
0,0,0,P5429,3.920560947
0,0,0,P5368,3.34655545063
0,1,1,P5221,0.765007334621
0,0,0,P4014,9.43895044236
0,0,0,P3990,3.43761590481
0,1,0,P4459,4.20927223407
0,1,0,P5379,1.20886582614
0,0,0,P4453,3.66642262857
0,0,0,P3990,5.79965060149
0,0,0,P4448,20.5590831976
0,2,0,P5221,2.11377244287
0,1,0,P5222,8.01158739031
0,0,0,P3980,1.71809564396
0,0,0,P5389,21.1750531359
0,0,0,P5221,0.68782808675
0,0,0,P4014,9.49410609686
0,0,0,P4453,3.40843330473
1,0,0,P4455,138.831431712
0,0,0,P4444,4.99526415744
0,1,1,P4435,10.4441734986
0,1,0,P5379,0.925431268985
0,0,0,P4450,2.66447780644
0,0,0,P4016,2.56320029484
0,1,0,P5369,22.9043302928
0,0,0,P6910,8.99751427784
0,0,0,P5043,528.940662919
0,0,0,P5013,5.71053192288
0,0,0,P5045,1.52179866836
0,0,0,P5344,342.650450436
0,0,0,P5003,41.9802172461
0,0,1,P4991,2.41986136371
0,0,0,P5304,11.2372689916
0,0,0,P5051,23.1340816738
0,0,0,P4990,3.43050758426
0,0,0,P5329,4.6260457357
0,0,0,P4999,10.3772698098
0,1,0,P4991,2.18501042081
0,0,0,P5297,2.33057890138
0,0,0,P4622,12.2960922869
0,0,0,P3134,33.8887963509
0,1,0,P4484,13.1798374581
0,0,0,P3134,6.9896435581
0,0,0,P4462,10.3081195479
0,0,0,P4698,14.7290738561
1,0,0,P3068,15.197976448
0,0,0,P4627,5.52210268262
0,0,0,P4462,4.72495960095
0,0,0,P4462,28.7882659103
0,0,0,P4736,0.737311838257
0,0,0,P5394,13.4203930651
0,0,0,P4675,29.096927254
0,0,0,P4484,2.28097026004
1,0,0,P5409,2.01970619849
0,0,0,P4486,18.2886495057
0,0,0,P4627,5.10420966057
0,1,0,P3163,2.74629887283
0,0,0,P4627,3.55593119031
0,1,0,P3154,1.52744142598
0,0,0,P4629,8.27603601193
0,0,0,P4620,2.47194873379
0,0,0,P4676,5.06841210449
0,0,0,P5091,7.23470554567
0,0,0,P5438,9.24660844661
0,0,0,P5433,5.01486575215
0,0,0,P4854,10.2643428873
0,0,0,P5100,5.18243193318
0,0,0,P5091,11.8460871766
0,0,0,P5098,342.655216034
0,0,0,P5101,4.51768507927
0,0,0,P5091,8.21104231669
0,0,0,P5110,21.4548343019
0,0,0,P5110,7.59548432486
0,0,0,P5442,4.58102008761
0,0,0,P5442,4.03429204829
0,0,0,P5442,19.8518874138
0,0,0,P5097,4.66957157828
0,0,0,P5431,200.728624227
0,0,0,P5110,6.09929036624
0,0,0,P5117,19.8090553179
0,0,0,P5099,3.24709438141
0,0,0,P5028,1.11416469666
0,0,0,P4898,23.0580081627
0,0,0,P4935,1434.22802776
0,0,0,P4903,1.01950022297
0,0,0,P4903,1423.79900428
0,0,0,P4894,22.2268368804
0,1,0,P5072,4.54115302239
0,0,0,P4874,5.82943987426
0,0,0,P835,14114.1006455
0,0,0,P5366,0.11711436459
0,0,0,P5357,16.0152017324
0,0,0,P4903,14.5070163046
0,0,0,P4914,16.3092107489
0,0,0,P8352,400.747498497
0,0,0,P5030,3.19173038056
0,0,0,P4903,19.007212339
0,0,0,P4911,18.4353836016
0,0,0,P4903,2.66420209414
0,0,0,P4903,4.97283553855
0,0,0,P4912,14.2568951728
0,0,0,P4878,2767.82591816
0,0,0,P4913,33.2935997041
0,0,0,P4915,623.761205851
0,0,0,P5087,5.09673825409
0,0,0,P4031,829.156413779
0,0,0,P5079,3.32863097957
0,0,0,P4124,1.47646745321
0,0,0,P5087,4.44250386563
0,0,0,P5081,3.92359596521
0,0,0,P5079,3.424500314
0,1,0,P4107,19.3472560158
0,0,0,P4111,24.7089192202
1,0,0,P3181,9.10486466026
0,0,0,P4720,80.6534241605
0,0,0,P4763,12.4992355372
0,0,0,P3075,2.56064615745
0,0,0,P3168,16.1411313306
0,1,0,P3169,4.99873035404
0,0,0,P4746,4.92865208812
0,3,1,P6896,59.849619297
0,0,0,P6621,710.517476427
0,1,0,P6847,7.46823300585
0,0,1,P5191,373.893787621
0,1,0,P6622,17.2964221379
0,0,0,P6871,2.28750244952
0,0,0,P6819,13.2078419789
0,0,0,P6834,7.92456373831
0,0,0,P835,14114.1006455
0,0,0,P835,14114.1006455
0,0,0,P6834,7.8498721271
0,0,0,P835,14114.1006455
0,0,0,P6829,25.3485842433
0,0,0,P6823,7.71700414074
0,0,0,P5231,3.79600287838
0,0,0,P5488,37.4319742701
0,0,0,P5488,31.8330053278
0,0,0,P4534,12.3123943233
0,0,0,P4836,3.98380346757
0,0,0,P4517,7.55101407705
0,0,0,P5233,857.244636705
0,0,0,P4782,67.6443264558
0,0,0,P4511,3.60147192597
0,0,0,P4513,15.2373354164
0,0,0,P4543,10.4426462556
0,0,0,P5233,812.3206919
0,0,0,P4783,33.1587054553
1,0,0,P4546,8.3872355546
0,0,0,P4517,7.54109925597
0,0,0,P4789,4.71602704513
0,0,0,P5235,4.75321287663
0,0,0,P4523,4.95650254537
0,0,0,P4783,0.631150659086
0,0,0,P4523,7.00011001787
0,0,0,P4536,4.51672350977
0,0,0,P4553,9.85358450627
0,0,0,P4513,15.6524075744
0,0,0,P5231,13.5790820502
0,0,0,P5231,13.8725539606
0,1,0,P4529,6.73837911069
0,0,0,P4798,1.20365920079
0,0,0,P4530,2.61204862398
0,0,0,P5231,18.0764063804
0,0,0,P4538,26.1721050945
0,0,1,P4794,5.48142223217
0,0,0,P4538,37.721486617
0,1,0,P4556,11.9589607863
0,0,0,P4175,0.767442612918
0,1,0,P4184,26.660563965
0,0,0,P5193,3.36253983406
0,0,0,P4073,12.2813949073
0,0,0,P4867,11.4501365401
0,0,0,P6647,7.05840334107
0,0,0,P5161,1.71325936073
0,0,0,P4891,4.51545042599
0,1,0,P5176,2.34451332925
0,1,0,P4891,2196.12708135
0,0,0,P4889,2.1272766953
0,1,0,P4058,35.9821784571
0,0,0,P6975,13.7812283282
0,1,0,P6801,3263.80845951
0,0,0,P6805,11.4786415023
0,0,0,P6805,14.9097396059
0,0,0,P6806,9.31863684628
0,0,0,P6805,26.5486029779
0,0,0,P6815,31.866829705
0,0,0,P6805,3.97222759203
0,0,0,P6805,21.5132116161
0,0,0,P6972,27.7985404719
0,0,0,P6797,2.07188588424
0,0,0,P7182,309.915124271
0,0,0,P6836,563.068282719
0,0,0,P6837,24.7064079546
0,0,0,P6837,24.1607897833
0,0,0,P3946,34.2456325605
0,0,0,P6983,4.78128608286
0,1,0,P7187,6694.2452368
0,2,0,P3945,45.6113056184
0,1,0,P7901,90.5441732717
0,0,0,P3941,5.59142337756
0,0,0,P7101,13.7518205825
0,0,0,P835,14114.1006455
0,0,0,P6796,16.4054384818
0,0,0,P7090,22.4037064223
0,0,0,P6795,9.72895249813
0,0,0,P7133,12.4462459821
0,1,0,P7110,4.91923605633
0,2,0,P7000,10.3603073995
1,0,0,P8152,2.82540448348
0,0,0,P8151,14.3166336037
0,0,0,P7099,8.09996245129
0,0,0,P8151,5.02655127813
1,0,0,P7000,33.2785936867
0,0,0,P7139,3.3187720334
0,0,0,P7148,1.22928698083
0,2,2,P8011,71.9644646195
0,0,0,P8244,7.3472793474
0,1,0,P8222,1248.60651706
0,0,0,P8253,11.0133669918
0,1,0,P8044,8.38825484466
0,1,0,P8222,1487.26613047
0,0,0,P8233,1.59712129506
0,0,1,P8230,7.51145995147
0,0,0,P8235,20.933965888
0,0,0,P8170,30.7381188154
0,0,0,P8013,34.6810948143
0,0,0,P8233,3.97653308537
0,1,0,P8170,373.198710413
0,0,0,P8233,1.62347912078
0,0,0,P8043,5.75083705988
0,0,0,P8045,11.6663377619
1,0,0,P8224,28.138937636
0,1,0,P8251,5.39357886564
0,0,0,P8170,16.3135118693
0,0,0,P8014,30.8258051324
0,0,0,P8046,23.0406473444
0,0,0,P8233,2.07673134367
0,0,1,P8236,20.5699818133
0,0,0,P8224,48.3184468081
0,0,0,P8003,19.662832329
0,0,0,P8222,1273.59604249
0,1,0,P7945,4.42988601336
0,1,0,P7934,26.2325206342
0,0,0,P7943,2.19852137392
0,0,0,P8136,1.08247055105
0,0,0,P7935,1637.82424486
0,0,0,P8155,34.9498746603
0,0,0,P8134,8.63330726144
0,1,0,P7164,5.10727471768
0,0,0,P8148,20.5073843198
0,1,0,P7164,40.0032960828
0,0,0,P8158,16.6959599426
0,0,0,P8155,1.24139439774
0,0,0,P8153,26.4663816313
1,0,0,P7945,1.6578579461
0,0,0,P8133,16.0509533319
0,1,0,P8146,8.53612226629
0,0,0,P7169,22.650694008
0,0,0,P8134,4.85705317068
0,0,1,P8134,4.76113051939
0,0,0,P8155,415.789624831
0,0,0,P8140,3.27452832625
1,0,0,P8144,439.095234744
1,1,1,P7165,21.4365640629
0,0,0,P8141,14.0333985469
0,0,0,P6475,431.684871007
0,1,0,P6434,4.62280372094
0,0,0,P6409,9.16334944638
0,0,0,P6426,4.8348334244
0,0,0,P6471,10.3505934224
0,0,0,P3809,7.68640505141
0,0,0,P6415,13.8206766237
0,0,0,P835,14114.1006455
0,0,0,P7308,3.17632400948
0,0,0,P7243,12.3496345104
0,1,0,P7248,9.24626268864
0,0,0,P7250,16.6693312729
0,0,0,P7309,6.16795547237
0,0,0,P8174,9.64312752793
0,1,0,P7275,10.9086926877
0,0,0,P8175,8.32563869726
0,0,1,P7258,6.24615346844
0,0,0,P7322,3.75402627328
0,0,1,P7263,5.50780841361
0,0,0,P8173,8.34965289626
0,0,0,P3868,4.29834565804
0,0,0,P3866,12.1258157549
0,0,0,P3868,7.40397375486
0,0,0,P3875,13.8955202836
2,0,0,P3639,9.93074612512
0,0,0,P3868,926.032462034
0,0,0,P3836,7.11896749099
0,0,0,P3908,0.845897821282
0,0,0,P3875,13.1150145412
0,0,0,P3894,3.53566728511
0,1,0,P3875,10.3596755771
0,1,0,P3903,31.89436705
1,0,0,P7958,1.54440253796
1,0,0,P7990,52.730321008
0,0,0,P8162,11.3031032213
0,0,0,P7971,1.79456978203
0,0,0,P7983,6.98177206062
0,2,1,P7973,23.4781830809
1,0,1,P8032,16.6506443038
0,1,0,P7187,270.369406112
0,0,0,P7195,7.94033082214
0,0,0,P7924,2.35070321155
0,0,0,P8024,18.5735711982
1,0,0,P7190,5.87239511268
0,0,1,P7190,3.79500871731
0,1,0,P7188,9.26903138966
0,0,0,P7908,32.894962531
0,0,0,P7912,13.3096898483
0,1,0,P7930,204.968126259
0,1,0,P7913,15.1389353455
0,0,0,P7915,20.9700838337
0,0,0,P7118,2.24930032741
0,1,0,P3625,0.121672281205
0,0,0,P3937,12.9500066302
0,2,0,P3624,3.73977703672
0,0,0,P7128,9.74804982152
0,1,0,P3931,17.9266767993
0,0,0,P3932,4.09711904172
0,0,0,P7045,3.17679051738
0,0,0,P7054,5.28572077213
0,0,0,P7010,8460.76675949
0,2,0,P7022,17.4762246791
0,0,0,P7419,17.5502122122
0,0,0,P8055,19.9060081564
0,0,0,P7333,24.3906616814
0,0,0,P8054,12.2721846435
0,0,0,P7333,20.2163938587
0,0,0,P8061,6.9716387332
0,0,0,P7426,1.88304607631
0,0,0,P8052,31.8204111338
0,0,0,P7333,23.2974847508
0,0,0,P7424,13.1576327432
0,0,0,P8053,58.681866796
0,0,0,P8076,23.7011557668
0,0,0,P8053,52.846278932
0,0,0,P7333,16.8010603921
0,1,0,P8074,20.9489399807
0,0,0,P8051,17.1654010796
0,0,0,P7410,3.64058377333
0,0,0,P8053,5.97132808684
0,0,0,P5872,42.4468289598
0,0,0,P3690,7.54533615597
0,1,0,P6176,11876.7640284
0,0,0,P7557,8.17266845848
0,0,0,P7555,6.67420416278
1,0,1,P7749,16.3332487614
0,0,2,P7665,8.70443289739
0,0,0,P7555,21.4249776938
0,0,0,P7544,14.4581365388
0,2,0,P7703,24.0871172662
0,0,0,P7555,41.8487057432
0,0,0,P7757,3.85999484479
0,0,0,P7555,7.84301289376
0,0,0,P8310,118.809671869
0,1,0,P835,14114.1006455
0,0,0,P8306,11.8754687174
0,1,0,P7387,67.2813588505
0,0,0,P8271,10.7935853368
1,0,0,P7390,66.2838798718
1,0,0,P7380,5.9126086495
0,0,0,P835,14114.1006455
0,0,0,P835,14114.1006455
0,1,0,P7402,1288.84170398
0,0,0,P7400,4.89291095116
0,0,0,P8340,1928.56072934
0,0,0,P8340,1742.12970741
0,0,0,P835,14114.1006455
0,0,0,P7405,735.953105088
0,1,0,P7390,5.4463410221
0,0,0,P8340,1779.17827816
0,0,0,P8264,1141.41012022
0,0,0,P8264,1141.29802902
0,0,0,P8339,2172.00968314
0,0,1,P8340,8.87739280199
0,0,0,P8339,1466.98414005
0,0,0,P7468,9.93760686743
0,0,0,P8271,16.5324771037
0,2,0,P7476,5.54849944751
0,0,0,P6533,21.6227867097
0,0,0,P6510,19.3716583432
0,0,0,P6538,4391.35187843
0,0,0,P8343,10.8281926686
0,0,0,P6513,6697.4838844
0,0,0,P8290,124.021489582
0,0,0,P8287,6.64956331858
0,0,0,P8290,4244.72377764
0,0,0,P8290,35.8173013647
0,0,0,P8290,4349.74269903
0,0,0,P6533,13.4992115063
0,0,0,P6511,5.47136698148
0,0,0,P6533,310.168664925
0,0,0,P6517,38.9047921769
0,0,0,P8290,1157.30688764
0,0,0,P8296,6544.37579659
0,0,0,P8290,22.2741158387
0,0,0,P8289,20.6388474871
0,0,0,P835,14114.1006455
0,0,0,P6517,12.1240097049
0,0,0,P6533,1164.94152362
0,0,0,P8290,2364.63016253
0,0,0,P8290,2375.87253479
0,0,0,P6511,3.0356214758
0,0,0,P8290,1154.86170904
0,0,1,P6533,531.954126113
0,0,0,P6510,6.61055246754
0,0,0,P8296,2526.5255963
0,0,0,P6496,7.39066453057
0,1,0,P6777,20.5199075135
0,0,0,P6708,24.1111372116
0,0,0,P6497,13.3967906618
0,0,0,P6497,7.87326433545
0,0,0,P6495,22.1932969967
0,0,0,P6496,43.3077788726
0,0,0,P6496,55.6652400789
0,0,0,P6495,22.5788617515
0,0,0,P6501,32.2362775084
0,0,0,P6497,27.8029704977
1,2,1,P7481,3.51861556611
0,4,0,P6718,11.228858157
0,0,0,P6497,30.360071597
0,0,0,P6497,13.2759097735
0,0,0,P6496,48.6388905498
0,0,0,P6497,12.8167683151
0,0,0,P6497,21.9569735277
0,0,0,P6709,14.2477079213
0,0,0,P6496,28.5890901524
0,0,0,P6506,8.76543049045
0,0,0,P6496,32.0137886813
0,0,0,P835,14114.1006455
0,1,0,P4220,534.683743306
1,0,0,P7531,20.4801722389
0,1,0,P7620,11.9779116165
0,0,0,P4199,13.3338852364
0,0,0,P7613,14.1363654706
0,0,0,P6521,13.7972207722
0,0,0,P6520,19.3277201295
0,0,0,P4207,5.83655178668
0,0,0,P7647,1.65818211256
0,0,0,P7611,9.73911014671
0,0,0,P4220,4.33335758771
1,0,1,P7618,8.81989803185
0,0,0,P7614,0.607124726562
0,0,0,P6521,6.00941681581
0,0,0,P7541,8.29386754038
0,0,0,P7520,14.2842454455
0,1,0,P4200,91.6184513832
0,0,0,P4199,16.029923482
0,0,0,P6518,5.52768422201
0,1,0,P7522,0.87538938279
0,0,0,P7534,26.2981899404
0,0,0,P7808,18.3141450114
0,0,0,P7599,6.27170388384
0,0,0,P7611,13.4867785003
1,2,1,P6660,13.2282175182
0,0,0,P7611,9.8095590468
0,1,0,P7525,5.95325053303
0,0,0,P7638,7.7244351607
0,1,0,P6532,361.713822042
0,0,0,P4207,5.54061805158
0,1,0,P6532,374.011198177
0,0,0,P6520,6.20136807828
0,1,1,P7611,12.648524922
0,1,0,P7599,9.55103669028
0,1,0,P7741,16.9465763036
0,0,0,P7846,21.9319770132
0,1,0,P7812,2.5582986319
0,0,0,P7847,69.7945887378
0,0,0,P7810,841.819167277
0,0,0,P7745,12.1793763952
0,0,0,P7745,19.9675671415
0,1,0,P7743,3.32689211998
0,4,0,P7812,2.56420666913
0,0,0,P7745,23.603846282
0,0,0,P6745,3.26760783725
1,0,0,P7767,11.7636928284
0,0,0,P7810,831.328172356
0,2,0,P7822,4.77755954557
0,0,0,P7771,194.323568423
0,1,0,P7808,9.5778757721
0,12,0,P7812,3.23516822355
0,0,0,P7881,39.0176032451
0,0,0,P7398,1854.64063916
0,0,0,P6509,9.82569136949
0,0,0,P7397,3063.93538541
0,0,0,P7398,3769.04834482
0,0,0,P7398,3036.98430996
0,0,0,P6508,9.13087653887
0,0,0,P6509,1963.84523437
0,0,0,P7397,3253.33596726
0,0,0,P7397,2853.11777585
0,0,0,P7397,1630.84315618
0,0,0,P7399,2.64652135684
0,0,0,P8297,22.4139525586
0,1,0,P8357,1854.49831492
0,0,0,P6508,8.97067787757
0,0,0,P6527,4.09090009296
0,0,0,P7202,30.2340578896
0,0,0,P6527,10.3410290671
0,0,0,P7204,13.3905129927
0,0,0,P7202,15.3099378561
0,0,0,P8177,29.0963997834
0,0,0,P7201,17.2123258275
0,0,0,P6491,4.83669087892
0,0,0,P8392,510.944813295
0,0,0,P6525,629.429223701
0,0,0,P7201,36.0424208934
0,0,0,P7223,27.3194668602
0,0,0,P6525,51.449089229
0,0,0,P6525,44.5997128397
0,0,0,P6525,43.1568935322
0,0,0,P6525,46.2091482701
0,0,0,P6526,25.2109341695
0,0,0,P6492,35.881202699
0,0,0,P8177,12.1954643282
0,0,0,P4283,2.65743522723
0,1,0,P6654,14.8904606091
0,1,0,P4237,2.86941440078
0,0,0,P4236,4906.35171009
0,0,0,P4249,19.2394038186
0,0,0,P4237,1641.78003531
0,0,0,P4276,7675.05505491
0,0,0,P4275,8276.87212711
0,0,0,P4237,5915.63936958
0,1,0,P4253,27.7533943116
0,2,0,P4238,15.2544542679
0,0,0,P4346,5.7210296522
0,0,0,P4287,76.3018017765
0,0,0,P4303,20.2681341597
0,0,0,P4288,4.09780905524
0,0,0,P4305,4.49966430859
0,0,0,P7587,256.572880052
0,9,1,P6563,11.3328369811
0,1,0,P6547,9.265797704
0,1,0,P7199,21.3094732998
0,0,0,P7588,363.043099616
0,0,1,P7593,0.685254156309
0,0,0,P7199,19.3380385332
0,0,0,P262,9.24243390024
0,0,0,P13,4.33439354351
0,0,0,P2653,3.19507752727
0,0,0,P5674,1922.70378497
0,0,0,P5729,5.39345129844
0,1,1,P261,15.1179582181
0,0,0,P263,6.22897704154
0,0,0,P1,11.1904083247
0,0,0,P2660,10.2881407082
0,0,0,P262,5.0118355138
0,0,0,P5674,1923.68960728
0,0,0,P5674,1926.48245183
0,0,0,P5674,1923.86920711
0,0,0,P261,107.585591637
0,0,0,P9,6.31330172214
0,1,0,P2197,15.5145647355
0,0,0,P2656,8.9854767039
0,0,0,P2660,4.5534453131
0,3,0,P5804,6.05903276109
0,6,0,P5678,4.01640896139
0,0,0,P5689,4.07059921004
0,0,0,P6061,1.15370057024
0,0,0,P5777,22.6625149268
0,0,0,P6054,44.7568279262
0,0,0,P274,1.5258477176
0,0,0,P275,2.4647830635
0,0,0,P275,6.33406087384
0,0,0,P558,2.27720323375
0,0,0,P2317,1.08729917802
0,0,0,P279,0.708595916838
0,0,0,P2119,1.19912545813
0,0,0,P22,22.6382568476
0,0,0,P2134,6.05216695563
0,0,0,P29,15.5843466272
0,0,0,P20,8.38610939031
0,0,0,P2137,2.99504363371
0,0,1,P35,7.65655309912
0,0,0,P2254,10.8754060597
0,0,0,P30,24.7253815613
0,0,0,P4926,7.34563773605
0,0,0,P3576,17.921003347
0,2,0,P5901,10.188188723
0,0,0,P3577,40.502577477
0,0,0,P4920,2.27799759722
0,0,0,P3723,2.5225910281
0,0,0,P3737,11.7701358652
0,0,0,P5961,5.09524659003
0,0,0,P3737,11.2582197508
0,0,0,P3738,12.6665866081
0,0,0,P3713,3.04877011141
0,0,0,P2936,5.58186899487
0,0,0,P2782,4.0637028487
0,0,0,P2937,20.4467529627
0,0,0,P2466,17.7711477569
0,0,0,P2941,3.69327689539
0,0,0,P2104,12.2814349389
0,0,0,P2670,9.89855827042
0,0,1,P2931,12.6057917627
0,0,0,P2471,3.32439324302
0,0,0,P2471,2.72236261884
0,0,0,P2469,2.38702239557
0,0,0,P3001,4.32661041573
0,0,0,P2468,1394.34759062
1,0,0,P2669,3.96394718388
0,0,0,P2933,9.31041066472
0,0,0,P2469,4.66294167385
0,0,0,P2469,2.19434505828
0,1,0,P3022,7.08011417116
0,0,0,P2478,3.22323022511
0,2,0,P2676,323.042000886
0,0,0,P2474,19.2539743739
0,1,0,P4646,3.78362979501
0,0,0,P4646,7.50170925473
0,0,0,P2688,8.83594330228
0,1,0,P4642,1.04624168639
0,0,0,P2800,27.9621481966
0,0,0,P2800,1083.51098216
0,0,0,P4649,7.49222936702
0,0,0,P4638,6.99104155791
0,0,0,P2792,12.1914784031
0,0,0,P4642,4.97627637516
0,1,0,P2695,8.95232969666
0,0,0,P2704,21.00735145
0,0,0,P4650,5.66751577156
0,1,0,P4652,256.031947818
0,0,0,P4650,7.54123132779
0,1,0,P2800,1286.86193096
0,0,0,P2695,870.788915417
1,0,0,P3611,9.60086157688
0,0,0,P3969,7.19556637031
0,0,1,P3583,4.87366366332
0,0,0,P2923,6.42558507458
0,0,0,P3588,4.72171183162
0,0,0,P4613,3.47266519423
0,0,0,P1313,3.48944068249
0,0,0,P5739,23.4979605105
0,0,0,P5739,19.7869935739
0,0,0,P1320,235.099934095
0,0,0,P522,11.3228335094
0,1,0,P6087,33.8293426397
0,0,0,P5731,58.2910546834
0,1,0,P544,8.55343510798
0,1,0,P2335,3.5818704455
0,0,0,P37,18.229293245
0,0,0,P1740,9.74512039537
0,0,0,P2335,6.17478824309
0,0,0,P1047,3.09303382009
0,0,0,P1729,4.2664112913
0,0,0,P5723,89.5715089301
0,0,1,P5671,2.73845573414
0,0,0,P5719,3.37146048524
0,0,0,P3613,1090.19174126
0,0,0,P2726,9.23114001461
0,0,0,P2662,4.8547341481
0,0,0,P2662,49.5065987321
0,1,0,P2248,45.1912856135
0,0,0,P268,23.8605994562
0,0,0,P2236,29.9364376988
0,0,0,P2229,11.1081045623
0,0,0,P19,16.8067820016
0,0,0,P2396,2986.32113436
0,0,0,P19,16.3875809725
0,0,0,P270,12.5513709611
0,0,0,P2229,895.382247136
0,0,0,P847,5.31455251592
0,0,0,P270,3.41365430268
0,0,1,P265,7.38954251558
0,0,1,P265,3.40070883073
0,0,0,P5754,7.35295927304
0,0,0,P1140,22.1589956865
0,1,0,P1125,11.0002038694
0,0,0,P6095,13.500980698
0,0,0,P1125,6.23543034478
0,1,0,P1128,7.29941838095
0,1,0,P5580,11.5674235021
0,1,0,P5577,50.7582563889
0,0,0,P6095,20.9004751515
2,1,1,P1638,3.15411655313
0,0,0,P6135,98.9212860805
0,0,0,P1589,7.00336695157
1,0,0,P5561,4.2456860746
0,0,0,P5563,29.154515258
0,0,0,P1584,15.1752709996
0,0,0,P6132,3.71417726712
0,1,0,P1583,1.09534974185
0,0,0,P1587,8.08552252071
0,1,0,P448,9.01424352317
0,1,1,P5618,35.8638768657
0,0,0,P6176,4797.17390913
0,0,0,P6163,0.984445560236
0,0,0,P6443,4.94055759967
0,0,0,P5607,6.42172045262
0,0,0,P5615,3.90989581698
0,0,0,P5603,17.4611430087
0,0,0,P5592,19.1451452005
0,1,0,P5621,2.76437763837
0,1,0,P5603,5.74288307982
0,1,0,P5599,9.9199170086
0,0,0,P5603,9.85719972201
0,0,0,P6443,9.51920324083
0,1,0,P6158,3.38834240016
0,0,0,P5588,4.41217762689
1,0,1,P6289,1.90901851467
0,0,0,P1150,4.42984416598
0,0,0,P6281,3.09905745402
0,0,0,P6283,3.50732311176
3,0,0,P488,17.0761401905
0,0,0,P1150,11.1077457391
0,0,0,P484,9.93035821932
0,1,0,P6283,3.26462880679
0,0,0,P1456,1.14317846004
0,1,0,P1657,13.6605621666
0,0,0,P1493,5.54204485599
0,0,0,P1660,10.8103442033
0,0,0,P1558,4.48786218661
0,0,0,P1166,11.5799361076
0,0,0,P1397,23.5137160489
0,0,0,P1356,4.38330653786
0,0,0,P1347,3.16377965684
0,1,0,P6136,1339.40262075
0,0,0,P6102,1210.18484681
0,0,0,P5649,147.436942246
0,0,0,P5649,2.53467194509
0,0,0,P6318,11.553074735
0,0,0,P5650,13.5005277196
0,0,0,P5641,22.3882080887
0,0,0,P6248,19.7956484551
0,1,0,P6405,2.00771220486
0,0,0,P691,9.25863264597
0,1,0,P717,4.10890432809
0,0,0,P692,5.68423663772
0,1,0,P695,3.37266247492
0,0,0,P634,16.8568789168
0,0,0,P344,5.02912260593
0,0,0,P318,26.6245998329
0,1,0,P349,54.5822735967
0,0,0,P149,8.84164082714
0,0,0,P83,1.7967075399
0,0,0,P78,1.38093191335
1,0,1,P1180,3.92015072283
0,0,0,P1178,3.45361963485
0,0,0,P1178,28.9096809361
0,0,0,P902,3.1788462379
0,0,0,P886,3.28423472752
0,0,0,P870,6.68072022296
0,0,0,P1191,3.41710897511
1,0,0,P872,6.66713537274
0,0,0,P609,6.5939450218
2,0,0,P872,3.70212975413
0,0,0,P880,4.08569903635
0,0,0,P1243,2.78335153591
1,1,0,P612,3.56278792308
0,2,0,P448,0.687230219783
0,0,0,P1207,667.212977805
0,0,0,P1227,3.66768505022
0,0,0,P1208,13.1261951366
0,0,0,P1232,1.50178279518
0,0,0,P405,7.73456229058
0,0,0,P299,0.40449955596
0,0,0,P443,0.696370909568
0,0,0,P755,14.7847509321
0,0,0,P3253,16.0355353947
0,0,0,P3369,2.74726399574
0,1,0,P2996,1.74534251228
0,0,0,P3454,28.616858092
0,0,0,P3278,38.9028929354
0,0,0,P3480,2.94577945179
0,0,0,P2604,3.56634554799
0,0,0,P2637,6.51684798303
1,0,0,P3540,2.7160319738
0,0,0,P3268,25.9830925539
0,0,0,P2992,6.70434440066
0,0,0,P3278,3.48391493147
0,0,0,P2634,8.43494701082
0,0,0,P3476,1.5949023836
0,0,0,P3560,7.14488302575
0,0,0,P1972,53.7982674939
0,1,0,P1963,5.90465128017
0,0,1,P1995,3.76487998833
0,0,0,P69,3.10459152469
0,0,0,P1900,1017.14364742
0,0,0,P3105,22.0749386778
0,2,0,P3109,11.5960591029
0,1,0,P3436,11.7845058624
0,1,0,P3065,17.902421397
0,0,0,P2810,24.5154473557
0,1,0,P3436,28.0439246975
0,0,0,P3354,0.177474209703
0,0,0,P2553,2.46958810552
0,3,0,P2278,4.15409140668
0,0,0,P2266,19.3224032467
0,0,0,P3346,1.20580334635
0,0,0,P2417,10.0201555619
0,0,0,P2960,87.5637570457
0,0,0,P2307,4.10557125424
0,0,0,P2309,8.20006150413
0,0,0,P2959,2.9674172881
0,0,0,P2420,2.88619138427
0,0,0,P3367,14.3861171847
0,0,0,P2070,5.84786255206
1,0,0,P3340,2.05055685886
0,0,0,P2947,33.5220215525
0,0,0,P2515,4.42607247543
0,0,0,P2273,1.71456887989
0,0,0,P2964,37.9235536556
0,0,0,P2963,0.245699802696
0,0,0,P2416,5.79458158413
0,0,0,P2948,2.19730022175
0,0,0,P3367,1.79043960233
0,1,0,P2273,12.7396127511
0,1,0,P1710,10.9191506393
0,1,2,P2158,4.51662682456
0,0,0,P2154,27.5018440878
0,0,0,P2158,3.02025943298
1,0,1,P1724,4.32426920754
0,0,0,P2299,17.1678842933
0,0,0,P55,18.3670217201
0,0,0,P2158,4.38913891259
0,0,0,P2348,10.6221221999
0,0,0,P1725,24.4767504869
0,0,0,P62,2.19256058153
0,0,0,P1724,46.5092601496
0,0,0,P1987,3.71640640012
0,0,0,P1987,14.8105834577
0,0,0,P1992,1857.05341231
0,0,0,P2169,3.81130778304
0,0,0,P2166,7.38091125272
0,0,0,P1950,540.679018246
0,0,0,P2091,5.14115106381
0,0,0,P2094,3.11110999987
0,0,0,P1946,9.77608034185
0,0,0,P2059,1.36247658001
0,0,0,P2093,18.107471261
0,0,1,P2096,1.70788459743
0,0,0,P2425,21.1070909759
0,0,0,P2977,2.31544614257
0,0,0,P2426,1.50276256369
0,0,0,P2965,8.45874441759
0,2,1,P2978,1.33982764009
0,0,0,P2076,53.3884112692
0,1,0,P2967,604.392054129
0,1,0,P2968,3.81518400426
0,0,0,P2965,119.214522682
0,0,0,P2426,2.99528974944
0,0,1,P2080,1.13568730502
0,0,0,P2077,2.7272847414
0,1,0,P2965,9.98363910699
0,0,0,P4710,9.16746201407
0,0,0,P2723,8.61796165263
0,0,0,P4443,3.36770229444
0,0,0,P5221,0.675897004747
0,0,0,P4016,3.89572584038
0,0,0,P4450,3.02085459572
0,2,0,P5387,1.91767096047
0,0,0,P3991,6.57469789145
0,0,0,P5429,1.2246532938
1,0,0,P4019,6.29466115298
0,0,0,P3997,3.51049748232
0,2,0,P5212,0.587172343608
0,0,0,P5372,1.38335820753
0,0,0,P5372,1.42291900362
0,0,0,P5389,2.02056959006
1,0,0,P4017,2.76084132042
0,0,0,P5222,5.37102804572
2,0,0,P5337,3.30239726847
0,2,0,P5045,6.57056078907
0,1,0,P5329,1.88389441176
1,0,0,P5319,455.607945759
0,0,0,P3761,8.16063671219
0,0,0,P3163,2.79098648813
0,0,0,P4676,2.7556553224
0,0,0,P4675,2.89614909115
0,0,0,P4676,3.67218945106
0,0,0,P4675,2.15344605929
0,0,0,P4698,3.46249789881
0,0,0,P5410,38.7724806009
0,0,0,P3134,3.03758005352
0,0,0,P4698,16.9044957209
0,0,0,P4472,3.25835494681
0,1,0,P4675,3.11683762513
0,0,0,P3288,5.59662584082
0,0,0,P3131,5.13640620045
0,0,0,P5122,9.02642617576
0,0,0,P5117,1.2275583552
0,1,0,P5098,336.230833565
0,0,0,P4853,9.16895780356
0,0,0,P5122,57.6951523185
0,0,0,P5099,11.1382133204
0,0,0,P5362,20.901545947
0,1,0,P5351,2235.55716559
0,0,1,P5026,16.6635860108
0,0,0,P4915,0.560876596019
0,0,0,P4118,72.0484781781
0,0,0,P4109,14.1608216725
0,0,0,P5087,39.6908021327
1,0,0,P4034,17.5185775451
0,0,0,P4024,4.32893897608
0,0,0,P4043,129.001814979
0,0,0,P4044,12.19920376
0,1,0,P4141,2.28477254137
0,1,0,P6895,5.89167646117
0,0,0,P6827,13.621722528
0,0,0,P6827,18.2738117051
0,0,0,P4812,38.4863447339
0,0,0,P4513,7.45922142046
0,0,0,P4561,5.22050373435
0,0,0,P4798,0.273606417647
0,0,0,P4796,2.13113344134
0,0,0,P4783,2.02009313663
0,1,0,P4559,2.35882056838
0,1,0,P5467,17.0092839116
0,0,0,P5467,10.5218311951
0,0,0,P4789,44.2487344426
0,1,0,P4530,2.56101239423
0,0,0,P6519,16.6910550406
0,0,0,P4161,19.0870062773
0,0,0,P5167,1.0964906511
0,0,0,P6519,14.7713640241
1,0,0,P4077,9.59672519239
0,0,0,P5161,0.718619426037
0,0,0,P6953,25.085347992
0,0,0,P6801,5.78062969077
0,0,0,P6805,12.5354568868
0,0,0,P6801,6.99607850191
0,0,0,P6978,19.2498899517
0,0,0,P6805,2.56998606796
0,0,0,P6810,10.1128302798
0,0,0,P6808,4.68934178565
0,0,0,P3942,1.80547034672
2,0,0,P3945,11.0847013754
0,0,0,P3950,136.289474238
0,1,1,P7007,7.78597049183
0,0,1,P8262,39.6108730788
0,1,0,P8246,18.011488909
0,0,0,P8251,11.5363141491
0,0,0,P8164,18.1761952163
0,1,0,P8242,1.99003491832
0,1,0,P8251,11.1456676506
0,0,0,P8043,39.4746125336
0,0,0,P8221,16.4782393891
0,2,0,P8136,117.807978791
0,0,0,P8158,39.1147560464
0,1,0,P7161,34.5146794329
0,1,0,P8136,15.7217373172
0,0,0,P7169,33.5465818621
0,1,0,P8158,19.3813678371
0,0,0,P7178,19.7705550212
0,0,0,P8158,4.80007225298
0,0,0,P7176,45.9166662256
0,0,0,P8148,4.60583119215
0,0,0,P8153,2.92051079942
0,0,0,P6476,15.9798845625
0,0,0,P8176,165.05422964
0,0,0,P8175,10.9808242353
0,0,0,P7322,4.31114005191
0,0,0,P8175,8.55626110525
0,0,0,P3646,5.58557901595
0,0,0,P7955,36.1256122988
1,0,0,P7951,24.1688082797
0,0,0,P7927,4.66878256999
0,0,0,P7926,5.60720305396
0,0,0,P7924,13.5352028118
0,3,1,P7912,19.1705422068
0,0,0,P7189,17.1533087484
0,1,0,P7118,5.36845371931
0,0,0,P3937,8.4291038016
0,0,0,P3630,22.3635098099
0,0,0,P7011,8.57194325367
1,0,0,P7301,26.2569359669
0,0,0,P8071,10.0941073264
0,1,0,P7426,1.65997845425
0,1,0,P5261,3.13195132346
0,0,0,P3698,1.46458029584
0,0,0,P3692,8.09160853067
0,0,0,P6351,11.5417688629
0,1,0,P7687,17.1886816163
0,1,0,P7681,3.36741026341
0,0,1,P7665,14.6688695914
0,0,0,P7757,15.656359297
0,0,0,P7555,13.6121259118
0,5,0,P7559,29.2500753342
0,1,0,P8310,5.9320124179
0,0,0,P8274,1530.86811711
0,0,1,P7469,14.1227405829
0,0,0,P8274,1521.42810786
0,0,0,P8274,1509.38435729
0,0,1,P7408,10.0847285794
0,0,0,P8284,806.743177103
0,0,0,P7381,1.51683479527
0,0,0,P7402,3449.55557359
0,2,0,P8304,3.55623729477
0,0,0,P8306,4.31383969667
0,0,0,P7402,2002.31666221
0,0,0,P7367,3.70330023194
0,3,0,P7405,9.95447214686
0,0,0,P8310,4.88313277817
0,1,0,P8307,18.8155978796
0,0,0,P7403,1731.77403321
0,0,0,P8274,1520.60782702
0,0,0,P8320,2.74830137001
0,0,0,P8284,1612.19340171
0,0,0,P6510,5.59263892182
0,0,0,P6510,7.15419383963
0,0,0,P8290,23.7084142545
0,0,0,P8290,1143.03223682
0,0,0,P8290,21.7625063158
0,0,0,P6533,19.5346080902
0,0,0,P6510,11.3141812682
0,0,0,P6510,25.491619763
0,0,0,P8343,31.0081017033
0,0,0,P8287,26.3851017919
0,0,0,P8343,13.9507354195
0,0,0,P6535,35.6698984852
0,0,0,P8290,21.5401721438
0,1,0,P8296,3055.69609708
0,0,0,P6497,33.0163028118
0,0,0,P6501,21.1838519393
0,0,0,P7352,20.4144004085
0,0,0,P6501,13.6335952892
0,0,0,P6497,18.9559462706
0,0,0,P6501,18.9959622341
0,0,0,P6782,1157.68263514
0,0,0,P6501,73.7538756276
0,1,0,P6708,4.75128358917
0,0,0,P7482,26.630686291
0,0,0,P6709,14.1082114718
0,0,0,P4207,6.94749466003
0,0,0,P7595,5.63983535286
0,1,0,P7528,11.2892310176
0,0,0,P6680,7.40204601459
0,0,0,P4207,98.7966632538
0,1,0,P7599,9.28058894541
0,0,0,P7808,9.17403175954
0,1,0,P7881,3.47178145166
0,0,1,P7885,2.41953440421
0,0,0,P7812,9.54088817479
0,0,1,P7814,16.6088317256
0,0,1,P7743,4.20603850589
0,0,0,P7810,833.569571833
0,0,0,P7818,8.67135291521
0,0,0,P7850,16.1050150435
0,1,0,P7741,2.92278054426
0,0,0,P7810,839.408032707
0,3,0,P7875,11.5389051988
0,0,0,P7769,11.0986759872
0,0,0,P7738,2.17735538274
0,0,0,P7850,12.9843915926
0,0,0,P7822,5.49608696171
0,0,0,P7398,1421.14016166
0,0,0,P7397,2563.22536477
0,0,0,P6508,6.38196192617
0,0,0,P6508,7.32364922646
0,0,0,P6510,2523.22821523
0,0,0,P7397,2857.41915695
1,0,0,P7726,0.951834613783
0,0,0,P7215,6.61808107988
0,0,0,P6494,22.0295383491
0,0,0,P7204,30.482182388
0,0,0,P4266,3.08743862198
0,0,0,P4148,11.0790465639
0,0,0,P4246,59.518178072
0,0,0,P6577,13.494100235
1,1,1,P4202,8.61238349673
1,0,1,P4203,4.38423781674
0,2,0,P7611,13.8594213178
0,0,0,P7612,2.01778689096
0,0,0,P6520,8.16105032072
0,0,1,P7522,2.81872555958
0,0,0,P7531,22.8254152177
0,0,0,P7633,32.3511935401
0,0,0,P7531,20.6168866458
0,0,0,P7611,12.95524846
1,0,4,P7541,6.52434670043
0,0,0,P6663,1.69244481536
0,1,0,P7533,772.010150124
0,1,1,P7611,13.9484716781
0,0,0,P7614,6.19266586008
0,0,0,P4220,2.4349464086
0,0,0,P7542,31.3039053158
0,1,0,P7599,0.872128142681
0,0,0,P6661,4.57090204435
0,0,0,P7529,31.8933355807
0,0,0,P4216,7.600859507
0,0,0,P4225,8.53453519865
0,1,0,P7204,1.54942498325
0,0,0,P6494,1169.91324144
0,0,0,P7203,4.37360313631
0,0,0,P6494,10.5011532669
0,0,0,P8177,169.525629109
0,0,0,P4250,10.6931086137
0,0,0,P4247,3.62275321401
0,1,0,P4233,6.14502220125
0,0,0,P4236,4901.54900565
0,0,0,P6648,6.52441601631
0,0,1,P6653,13.0974703785
1,0,0,P4251,1.50199082045
0,0,0,P6541,0.629742070589
0,1,0,P6573,6.40442951631
0,0,0,P6551,4.32084974331
0,0,0,P8236,22.2184355639
0,0,0,P8043,18.4551070234
0,1,0,P8227,24.3156430915
0,0,0,P8240,4.12790338948
0,1,1,P8244,7.86584021197
0,1,0,P8224,14.211700997
0,1,0,P8235,18.2079005221
0,0,0,P8169,23.3450005179
0,2,1,P8251,6.54799626644
0,0,0,P8171,12.4589857953
0,0,0,P7309,8.50005852231
1,0,0,P8162,4.62394790581
0,0,0,P7949,4.00564475617
0,0,0,P8162,15.9568293711
0,0,0,P7420,9.3581622558
2,0,1,P7298,1.29156573551
0,0,0,P8115,4.47763700512
0,0,0,P8074,28.3083375304
0,2,0,P7420,8.30958381232
0,0,0,P7426,2.26515940376
0,0,1,P7418,7.01986610857
1,1,0,P7420,8.99564470349
0,4,0,P7426,1.49888795965
1,0,3,P7410,1.09287766796
0,0,0,P6417,3.03006707232
0,2,0,P6433,8.9683602716
0,0,0,P6415,8.05225847738
0,0,0,P5557,61.6858212248
0,0,0,P6415,4.5620148444
0,0,0,P3651,3.1600291285
1,1,0,P3646,4.85300765622
0,1,1,P3658,39.1653822975
0,0,0,P3836,12.1695448463
1,0,1,P3902,0.715848585138
0,0,0,P3836,2.99515012451
0,0,0,P3637,6.10670200897
0,0,0,P3836,14.5337988372
0,1,0,P7020,9.00345503896
0,0,0,P7057,0.715359809843
1,0,0,P7011,4.34331142948
0,0,0,P3916,5.76851264607
0,0,0,P5263,6.67287942312
0,0,0,P5874,16.8300358835
0,0,0,P5279,4.31319989525
0,0,0,P6381,11819.0414241
0,1,0,P2851,2.82640520461
0,0,0,P6382,3309.84281786
0,0,0,P6353,5.77696315988
0,0,0,P5303,7.04450844709
0,1,0,P5328,1.98066997963
0,0,0,P5295,1.09947902958
0,0,0,P6927,0.945249074083
0,0,0,P6910,8.83950583669
1,1,0,P3762,5.98911134602
0,1,0,P6931,4.54729861759
0,0,0,P3762,2.78281742102
0,0,0,P6913,11.5410066373
0,0,0,P5054,6.0322353781
0,0,0,P5351,4.96409454442
0,0,0,P6826,13.6587727468
0,0,0,P6829,0.94598063018
0,0,0,P6828,4.19934721577
0,0,0,P6834,18.3605024941
0,0,0,P5189,5.39571575139
1,0,0,P4867,7.27060399705
0,0,0,P5161,1.38780976339
0,0,0,P4058,1.62095924679
0,1,0,P4070,9.35030330953
0,0,0,P5162,3.62964451405
1,0,1,P4170,15.870768962
0,0,0,P4058,2.7237582098
0,1,0,P4168,8.81704678475
0,0,0,P4077,21.9732720548
0,0,0,P3385,3.35813777371
0,0,0,P2641,41.231730813
0,1,0,P3442,14.2070444815
0,0,0,P2642,2.4621471001
0,0,2,P3395,3.72443228965
0,0,0,P3247,3.01358284198
0,0,0,P2643,4.62696746252
0,0,0,P5518,28.5387763497
0,0,0,P5543,180.420910402
0,0,0,P5535,33.8307440505
2,0,0,P3105,27.5730191379
0,0,0,P5535,50.2088406601
0,0,0,P5520,4.46645852648
0,0,0,P5493,26.3348982476
0,0,0,P2852,4.81603564664
0,0,0,P2813,2.32213983776
0,0,0,P2823,32.3330927446
0,0,0,P2891,4.89614089745
0,0,0,P3109,64.6018083292
0,0,0,P5499,3.57366562961
0,1,0,P5516,38.6933642625
1,0,0,P2808,4.99224228503
0,0,0,P3436,31.223308343
0,1,0,P3065,21.3019969634
0,0,0,P2815,24.1298788387
0,0,0,P3110,3.14371855792
0,0,0,P5508,2.1381409038
0,0,0,P4778,29.0186304482
0,0,0,P3083,1.3769059289
0,0,0,P5492,10.9074067935
0,0,0,P3182,5.380887408
0,0,0,P4501,4.06517374579
0,0,0,P3170,4.08546828317
0,0,0,P331,7.6981378603
0,0,0,P96,1.87155527495
0,0,0,P305,3.61174741239
0,0,0,P394,2.27110306949
0,0,0,P78,9.91984122214
0,1,1,P86,2.53230842995
0,0,0,P260,2.25234275279
0,0,0,P85,6.72839207427
0,0,0,P155,2.92655385188
0,0,1,P171,34.4908390533
0,0,0,P140,62.7445977837
0,1,0,P405,16.9245498466
0,0,0,P129,1246.06093916
0,0,0,P137,6.83890821419
0,0,0,P2657,958.281428998
0,0,0,P5729,4.30554031409
0,0,0,P2222,5.31541133177
0,0,0,P2658,2.25905200544
0,0,0,P2224,13.6198173007
0,0,0,P262,9.29480389687
0,1,0,P2659,6.61703034203
0,0,0,P262,6.29223174128
0,0,0,P1,7.5957534243
0,0,0,P5803,1.38836490968
0,0,0,P6073,1.07732372145
0,0,0,P5663,5.49895001536
0,1,0,P277,3.11254082952
0,1,0,P2203,5.48159755955
0,0,0,P2319,18.4347532856
0,0,0,P2319,11.0338943972
0,0,0,P275,3.99748232653
0,0,0,P592,3.04605569358
0,0,0,P275,2.97485176579
0,0,0,P279,1.68102477394
0,0,0,P24,41.0224562313
0,0,0,P2129,11.03898967
0,0,0,P2126,12.791001756
0,2,0,P5911,0.680699052762
0,0,0,P5918,6.3796263205
0,0,0,P4920,2.35662720801
0,4,0,P5915,3.59491927733
0,1,0,P5911,11.8595769357
0,2,0,P5968,4.00597588767
0,0,0,P3723,2.50058045418
0,0,0,P3737,10.4995884572
0,0,0,P2783,5.57589518601
0,0,0,P2942,3.70256837993
0,0,0,P2469,2.96233217473
0,0,0,P2678,3.8370927528
0,0,0,P3000,9.00746640816
0,0,0,P2937,7.63888713257
0,0,0,P2113,2.77076620848
0,0,0,P2753,2.87252957392
0,0,0,P2670,110.998554568
0,0,0,P2940,11.6430854045
0,0,0,P2697,466.085455353
0,0,0,P2717,18.2597866123
0,0,0,P2685,18.7710454819
0,0,0,P2693,4.23178295195
0,0,0,P4638,7.462997832
0,0,0,P4638,7.462997832
0,0,0,P4638,7.462997832
0,0,0,P4638,7.462997832
0,0,0,P3199,2.50142736098
0,0,0,P2686,2.99272633023
0,0,0,P2693,2.74387872716
0,0,0,P4636,32.3797467715
0,0,0,P3046,21.851521474
0,3,0,P3195,3.95067402447
0,0,0,P2695,37.7961651706
0,0,0,P2800,5.40882292077
0,0,0,P3047,20.5937470885
0,0,0,P4574,30.1537117453
0,0,0,P521,17.3330501565
0,0,0,P1313,6.84153366615
0,0,0,P5735,10.152174294
0,0,0,P522,23.1233580145
0,0,0,P5750,6.02586077951
0,0,0,P5737,19.754328487
0,0,0,P1048,7.59994626932
0,0,0,P40,0.4366060044
0,0,0,P2335,3.06077451074
0,0,0,P44,5.54101138811
0,0,0,P44,1.45535244675
0,0,0,P5719,15.1454432771
0,0,0,P5671,4.06791586785
0,0,0,P5671,3.90731518913
0,0,0,P2726,3.71869944801
0,0,0,P2726,9.1774773309
0,0,0,P2725,7.34144186327
0,0,0,P4933,2.21308446828
0,0,0,P270,6.05656536351
0,0,0,P18,15.3103069858
0,0,0,P5754,4.19637521917
2,0,0,P2229,3.31275190985
0,0,0,P270,2.20298626115
0,0,0,P5754,51.2219692716
0,0,0,P5754,7.17761038364
0,0,0,P2229,32.819829188
0,0,0,P265,43.4494169265
0,0,0,P1527,14.1323211616
0,0,0,P1539,43.319710877
0,0,0,P1126,39.4058609912
0,3,0,P1540,1.66426107016
1,0,0,P5576,122.808886286
0,1,1,P5580,13.5276069081
0,1,0,P1128,897.671526174
1,0,0,P5579,7.85486265089
0,1,0,P1081,406.699167538
1,0,0,P5581,24.2870593548
0,1,0,P1566,13.7852858669
0,0,1,P1563,19.9003626645
0,0,0,P1564,4.55954879478
0,0,0,P5563,15.7682921165
0,0,0,P5563,19.8220344326
0,1,0,P6163,1.73752264842
0,0,0,P6161,1.96421711622
0,0,0,P6169,4278.86981416
0,0,0,P6164,32.0195454167
0,0,0,P6151,9.50210182248
0,0,0,P6169,3867.00525831
0,0,0,P6254,11.8157969692
0,1,0,P1148,3.15383593806
0,0,0,P6281,408.290928367
0,2,0,P1149,5.06270236245
0,0,0,P1648,2.98445626893
0,0,0,P1492,43.5788704394
0,0,0,P1034,7.69476651694
0,0,0,P1367,4.42151450327
0,0,0,P1419,9.82125105664
0,0,0,P1397,22.7139096318
0,1,0,P1345,4.23911486807
0,0,1,P1173,7.70129134167
0,0,0,P1345,6.88778105533
0,0,0,P1398,16.5629451365
0,0,0,P943,28.5775860124
0,1,0,P1347,4.09454797037
0,0,0,P6322,3.93878471803
1,0,0,P6101,1.21541351651
0,0,0,P633,28.6921257561
0,0,0,P615,11.9161710423
0,1,0,P623,2.71037388433
0,0,0,P916,4.22819408233
0,0,0,P850,2.18819239739
0,0,0,P850,0.736168580684
0,1,0,P1191,23.7186465349
0,0,0,P881,4.53219415783
0,0,0,P1679,14.0844894851
0,0,0,P1681,3.00081328653
0,1,0,P286,5.7310980345
0,0,0,P287,8.41949007011
0,0,0,P459,3.62922922693
0,0,0,P3278,1.54366812527
0,0,0,P3569,1.15264649284
0,0,0,P2578,10.5394828145
0,0,0,P3533,17.9985545167
0,0,0,P2600,1.196547283
0,0,0,P2435,12.2554527259
0,1,0,P3278,14.9822143254
0,0,0,P1972,52.4219593757
0,2,0,P1995,36.5652557404
0,0,0,P69,11.4842622007
0,0,0,P1994,2.34386205486
0,0,0,P1900,1018.79858055
0,0,0,P2948,10.3967369716
0,1,0,P3340,3.02104051197
0,0,0,P2960,159.560809927
0,0,0,P2948,1163.0595068
0,1,0,P2278,0.664451763297
0,1,0,P2309,1.78612184963
0,0,1,P3367,6.7769851882
0,0,0,P2950,5.41703749213
0,0,0,P2948,2.34668452032
0,0,0,P2957,32.1078122736
0,0,0,P3350,16.694090874
0,0,0,P2542,0.711752396208
0,1,1,P1714,11.4113361806
0,0,0,P1917,1.36813069484
0,0,0,P1923,8.49979872964
0,0,0,P1924,0.447026618361
0,0,2,P2158,3.02628723754
0,1,1,P2357,8.13913486305
0,0,0,P1724,1.90814978659
0,0,0,P53,22.5677415394
0,0,0,P1778,7.84963760109
0,1,0,P1987,4.08769050147
0,0,0,P2165,6.63310211283
0,0,0,P1950,527.816459266
0,2,0,P2090,458.71504232
0,0,1,P2095,3.74896854309
0,0,0,P2048,716.530569448
0,0,0,P2094,2.33314900398
0,0,0,P2095,31.6323001854
0,0,0,P2965,7.73987907476
0,0,0,P2975,1.01107240389
0,2,0,P2077,1.80737544563
0,0,0,P2423,8.92755225862
0,0,0,P2973,2.10352708342
0,0,0,P3990,4.60828786494
0,0,0,P4444,16.0198006151
0,0,0,P4453,6.7078738769
0,0,0,P3991,2.86832999436
0,0,0,P5222,6.13292647846
1,0,0,P5224,7.29556031592
0,0,0,P5431,6043.32972416
0,0,0,P5369,5.16190755376
0,0,0,P4016,2.86555568978
0,0,0,P5379,1.52901694135
0,0,0,P4002,572.427118413
0,0,0,P4005,2.39792848643
0,0,0,P3131,6.42757978091
0,0,0,P3144,11.6427431877
1,0,0,P5399,1.60831764136
0,1,0,P5457,9.06310432181
0,0,0,P5442,3.19682269314
0,0,0,P5450,11.9776797938
0,0,0,P5106,1.33238651657
0,0,0,P5108,6.99946374884
0,0,0,P5110,19.0246207553
0,0,0,P4035,26.1805626635
0,0,0,P4044,6.99857106903
0,0,0,P4107,3.62659041331
0,0,0,P4121,39.798544331
0,0,0,P4873,27.4584717234
0,0,0,P4109,17.9522406452
0,0,0,P4038,7.3296171721
0,2,0,P4107,6.97257722789
0,0,0,P4560,1.74572548697
0,0,0,P6805,4.45395877019
0,1,1,P6803,24.7590134181
0,0,0,P6811,7.84139611141
0,0,1,P3946,13.9737372784
0,0,0,P6797,341.28444128
1,0,0,P7180,19.0027287917
0,0,0,P7069,71.6955440069
0,0,0,P7081,13.1131449594
0,0,0,P3954,22.9708816157
0,0,0,P7812,7.13537613009
0,0,0,P8151,5.98562485119
0,0,0,P7148,3.67837850489
0,0,0,P7090,116.611547123
0,1,0,P7099,52.8402894667
0,0,0,P7148,1.75972069968
0,0,0,P8141,19.2723189711
0,0,0,P7169,38.510204375
0,2,1,P8140,1.06823814814
0,0,0,P7922,2.45134083811
0,0,1,P7783,5.88196090748
0,0,0,P7559,8.71906496252
0,1,0,P7754,2.31229204219
0,0,0,P7555,12.8958561187
0,0,0,P7549,14.7072764752
0,0,0,P7405,497.119428992
0,0,0,P7405,7.62482589453
0,0,0,P7402,3443.69286434
0,0,0,P8356,36.3770880548
1,0,0,P7381,4.69188681568
0,1,0,P8284,2104.52438652
0,0,0,P6511,10.4042173539
0,0,0,P6538,2692.12785705
0,0,0,P8290,21.7107258327
0,0,0,P8290,18.8636211512
0,0,0,P8290,38.0138611498
0,0,0,P7352,18.6272934833
0,0,0,P6506,34.8871858064
0,0,0,P6501,25.2228536109
0,0,0,P7338,32.0250099702
0,0,0,P6751,27.6017704207
0,0,0,P7354,34.678573895
0,0,0,P6496,20.7193279548
0,0,0,P7481,15.7674090943
0,0,0,P6506,8.4324132118
0,0,0,P7820,18.6488220074
0,0,0,P7808,11.5852993545
0,0,0,P7745,25.8725279703
0,28,0,P7868,14.8097155642
0,3,0,P7868,18.7256066137
0,0,0,P7820,27.4362281371
2,0,1,P7769,7.65071880494
0,0,1,P7741,12.4315577877
0,1,0,P7808,17.5286102308
0,0,0,P7735,8.40173035192
0,0,0,P7873,16.6375863107
0,0,0,P7812,4.49475546846
0,0,0,P7397,2850.67721178
0,0,0,P8357,655.330307841
0,0,0,P7724,53.0718617218
0,0,0,P7397,1540.45093477
0,0,0,P4225,9.22139158446
0,0,0,P7620,28.0286868493
0,0,0,P7599,28.0052071013
0,1,0,P6532,380.793128742
0,0,0,P7607,17.1746764049
0,1,0,P7599,35.315556081
0,0,0,P6518,1.98837262092
0,1,0,P7618,162.100834218
0,1,0,P7613,12.690574662
0,0,0,P6525,15.4964543583
0,0,0,P8177,7.90683532384
0,0,0,P6494,15.00969366
0,0,0,P6489,408.517125769
0,0,0,P7211,3.81889900309
0,0,0,P6527,26.5044315094
0,0,0,P6527,6.25513034788
0,0,0,P6527,21.9245657524
0,0,0,P4191,3.0055538617
0,0,0,P4236,4459.11952681
0,0,0,P4239,11.3804361078
0,0,0,P6649,5.71285845819
0,0,0,P4301,10.5215478062
1,0,0,P7589,19.4313365439
0,1,0,P6547,41.4868816658
0,0,1,P7587,8.62362775368
0,0,0,P6555,8.712535451
0,0,0,P6547,48.8212012992
0,1,0,P8251,9.39613178035
0,0,0,P8226,496.644607965
0,1,0,P8233,1.25663951438
0,0,1,P8237,16.369827256
0,0,0,P8164,14.0116436072
0,0,0,P8164,17.0293763118
0,0,0,P8168,1.17901956043
0,0,0,P8166,3.57916288306
0,1,0,P8224,34.6348114032
0,0,0,P8014,17.1945502697
0,0,0,P8176,4.86955242044
0,0,0,P7317,5.92089699264
0,0,0,P7248,19.5584422151
0,0,0,P7209,821.37577793
0,0,0,P8161,24.4747554801
1,0,0,P7984,4.82622780647
0,0,0,P8061,2.43262476563
0,0,0,P8061,6.34981404004
0,0,0,P7424,9.48866111092
0,0,0,P8054,8.75626165828
0,0,0,P8090,12.005352465
0,0,0,P7329,468.74326419
0,0,0,P6194,19.7287303387
0,0,0,P3848,3.02640337884
0,0,1,P3864,8.28735285289
0,0,0,P7027,4.52946823175
0,0,0,P7011,8.36137634192
0,0,0,P7010,4.22724095685
0,1,0,P5893,9.15393421963
0,0,1,P5281,9.56163256036
0,0,0,P3692,11.870775699
0,0,0,P5272,8.00005564369
0,0,0,P3699,3.0680811412
0,0,0,P3681,10.3985517337
0,1,0,P6331,0.977633986338
0,0,0,P6353,4.12105749579
0,0,0,P6353,4.05211861006
0,0,0,P6187,0.402408490545
0,0,0,P5307,5.84937337568
0,0,0,P5022,2.17664804104
0,0,0,P6924,2.29518461063
0,0,0,P5004,367.809665054
0,0,0,P4897,7.59827932402
0,0,0,P3761,13.6257368341
0,0,0,P5366,10.5529115103
0,0,0,P4902,16.6693779707
0,0,0,P4911,16.2940618227
0,0,0,P4903,2.89869621297
0,0,0,P4903,1.39107331443
0,0,0,P4896,20.4038158646
0,0,0,P6841,11.8168834756
0,0,0,P6823,10.5760625383
0,0,0,P6862,16.4366102473
0,0,1,P6826,6.01571837094
0,0,0,P6824,5.1156129114
0,0,0,P6827,2.09672040934
0,0,0,P6834,6.85284772405
0,0,0,P6829,3.59442628413
0,0,0,P4892,1.14763925281
0,0,0,P4075,15.5835120306
0,0,0,P4077,6.56968072693
0,0,0,P4893,6.16739794963
0,0,0,P6643,8.27152847814
0,0,0,P4086,11.6165128997
0,0,0,P4058,2.20642322541
0,0,0,P5162,1.19131504196
0,0,0,P4064,3.00634695978
0,1,0,P4182,16.826215204
0,0,0,P2641,30.1762128762
0,0,0,P3255,1.63978434004
0,1,0,P3241,26.7041179872
1,0,0,P3395,16.9515998146
0,1,0,P3414,4.87771139236
0,0,0,P3253,6.46635952745
0,0,0,P3408,4.25725465876
0,1,0,P2641,51.5971942639
0,0,0,P3395,5.72469417903
0,0,0,P5493,44.2251680147
0,0,0,P5536,7.33448406736
0,1,0,P5519,305.527079981
0,0,0,P3087,2.19225964722
0,0,0,P5531,2.43254492855
0,0,0,P5494,11.4376828474
0,0,0,P3066,9.32021498836
0,0,0,P2823,1.11102140077
0,1,0,P3436,3.33444728266
0,0,0,P3066,9.43363050463
0,1,0,P3436,4.11039076432
0,0,0,P2899,3.61802607803
0,0,0,P4774,2.28911385262
0,0,0,P4496,3.89619730827
0,0,0,P100,2.6619100306
0,0,0,P100,4.07340640887
0,0,0,P100,8.24869719974
0,2,0,P331,8.04194629203
0,0,0,P177,6.65466453753
0,0,0,P166,11.162735002
0,0,0,P78,9.97161797071
0,0,0,P157,5.3579415775
0,0,0,P155,25.1233452257
1,0,0,P82,5.10701116853
0,0,0,P1834,544.818389842
0,0,0,P86,2.49749925606
0,2,0,P253,3082.28071023
0,0,0,P413,704.071734533
0,0,0,P2199,4.49815789974
0,0,0,P2189,1756.26944176
0,1,0,P262,1234.87242057
0,1,0,P262,11.9645399362
0,0,1,P12,10.5959117026
0,0,0,P5730,1862.15859258
0,0,0,P261,11.3481422987
0,0,0,P5729,2037.53088137
0,0,0,P262,4.86458092732
0,1,0,P2655,3.23398847733
0,0,0,P5690,141.574565
0,0,0,P6024,5.0641217316
0,0,0,P5663,4.00541502239
0,1,0,P5798,7.57595114926
0,0,0,P2315,4.31359647793
0,0,0,P277,2.66233786478
0,0,0,P22,46.2955265258
0,0,0,P22,6.29143180602
0,0,0,P4920,3.88431525009
0,0,0,P5918,2.64175502771
0,0,0,P3727,2.1550974392
0,0,0,P4929,0.325771138536
0,0,0,P5915,1.82124609171
0,0,0,P5972,3.79560982512
0,0,0,P3736,18.3988361398
0,0,0,P3015,7.97751547618
0,0,0,P2670,7.65466428422
0,0,0,P3027,12.8664894436
0,0,0,P2928,7.01911430446
0,0,0,P2394,1.71633348115
1,1,0,P2403,30.6298931228
0,0,0,P2675,23.683722921
0,0,0,P2796,2.95261276389
0,0,0,P2688,14.7983692537
0,0,0,P4636,9.26805996813
2,0,0,P2703,1.511275378
0,0,0,P4655,19.9007307387
0,1,0,P2806,27.2881130745
0,0,0,P3973,3.94902053478
0,0,0,P4950,116.195380435
0,0,0,P2773,6.43056210768
0,1,0,P2787,4.06814331749
0,0,0,P3602,18.8641457106
0,0,0,P3588,6.68984888507
1,6,0,P522,11.9391703082
0,0,0,P5733,25.5553786147
0,0,0,P6078,7.92350832248
0,0,0,P5745,11.9967097261
0,0,0,P1309,18.6254001669
0,0,0,P1309,2.91286760826
0,0,0,P5771,5.546534792
0,0,0,P5671,18.5520529343
0,0,0,P4933,1.70784259293
0,1,0,P2739,32.1223690107
0,0,0,P2726,4.99741035432
0,0,0,P2726,2.3666844058
0,0,0,P2397,61.9452668822
0,0,0,P15,215.691017429
0,0,0,P268,22.5408790059
0,2,1,P5579,25.3940262146
0,1,1,P1082,20.3850679344
0,0,0,P1129,21.5649080898
0,0,0,P1564,6.89082347986
0,0,0,P1125,60.013271322
0,1,0,P5580,3.11631800616
0,0,1,P6094,15.4881817902
0,1,0,P1530,1.17047028953
0,0,1,P6095,34.1137289356
0,0,1,P1106,2.04251159717
0,2,0,P1128,908.918992985
0,0,0,P6133,17.2646484067
0,1,0,P5566,10.0815676765
0,0,0,P6145,2.44306482926
0,1,0,P6165,2229.50637949
0,0,0,P6148,3.47625157362
1,0,0,P5598,2.06489965409
0,0,1,P6462,6.67235889944
0,0,0,P6148,2.29052168501
0,0,0,P6167,1979.72463627
0,0,0,P6167,659.188065094
0,1,0,P6141,29.5726425121
0,0,0,P6151,20.7673309596
0,0,0,P6169,4273.66858146
0,0,0,P486,3.50609769992
0,0,0,P499,6.58820499007
1,1,0,P1148,9.89295928237
0,0,0,P485,9.58984961252
1,0,0,P984,10.9709235379
0,0,0,P984,2.89619513439
0,1,0,P1173,8.34116407774
0,1,0,P6102,1994.07123471
0,0,0,P6248,27.0386026267
0,0,0,P6136,1323.04245992
0,0,0,P5637,7.90646070735
0,0,0,P5637,6.02714292849
0,1,0,P6300,3.69351795411
0,0,0,P616,6.94450538704
0,0,0,P616,2.15081783967
0,0,0,P616,7.85171290004
0,1,0,P695,24.6622085687
0,1,0,P683,18.7769368505
0,0,0,P1178,0.258423932143
0,0,0,P604,1.10051721389
0,1,0,P600,5.87080627292
0,0,0,P1677,7.06086454444
0,0,0,P1208,6.05853075884
0,0,0,P1208,4.06511565231
0,0,0,P3476,2.43540478126
0,0,0,P2990,2.33129814728
0,0,0,P1994,6.29847296572
0,0,0,P2422,7.37557982756
0,0,0,P2267,2.1735639011
0,0,0,P2948,8.20773767456
0,0,0,P3367,1.10504568829
0,0,0,P66,2.91788551346
0,9,1,P1714,12.0755419465
0,0,0,P2154,12.4296965116
0,0,0,P1722,8.4918259329
0,0,0,P1931,1.27245828707
0,0,1,P1697,0.57839287196
0,1,0,P2355,12.1350583307
0,1,0,P2357,8.13113995577
0,0,0,P1947,6.34167932085
0,0,0,P2086,1.64174964656
0,0,0,P1947,9.1107769602
0,0,0,P2967,604.742520926
0,0,0,P1936,34.8546613988
0,0,0,P2975,6.12758113624
0,1,0,P5387,2.25775370433
0,0,0,P3991,15.3020012474
0,0,0,P5389,2.42093147827
0,0,0,P5387,2.09048747289
0,0,0,P4017,1.95978790153
0,0,0,P4700,5.66605493783
2,0,0,P3126,4.87449434094
2,0,0,P5398,3.4077296022
0,0,0,P3151,19.9504514377
0,0,0,P4675,1.65878286565
0,2,0,P5402,4.25579024809
0,3,0,P4684,5.46034732112
0,1,0,P4622,16.7705534638
0,0,0,P4468,1.43595446746
0,0,0,P5399,3.99829432042
0,0,0,P5228,4.31784844518
0,0,0,P5110,17.9037388137
0,0,0,P5091,1.21984256763
0,0,0,P4853,4.74734008091
0,0,0,P5450,7.11120894388
0,0,0,P5122,8.2382273236
0,0,0,P5087,16.2045317007
0,1,0,P4792,2.59879498748
0,0,0,P4553,13.5186393903
0,0,0,P5231,15.8778051662
0,0,0,P4561,4.75605210676
0,0,0,P4534,4.63175438985
0,0,0,P4790,6.99906462224
0,0,1,P6803,0.75019554373
0,0,0,P6797,7.59910670207
0,0,0,P3821,5.10635490927
0,1,0,P7904,5.81718529757
0,0,0,P3950,5.33510348999
0,0,0,P7104,16.2707779385
0,5,0,P7140,5.37020296672
0,0,0,P7096,19.0504365373
0,0,0,P8151,5.41301078353
0,1,0,P7090,1.87427473493
0,0,0,P8152,4.02345036446
0,0,0,P8345,9.38490360331
0,0,0,P8158,21.2006595761
0,0,0,P7935,13.5786162372
0,1,0,P7160,26.4215723646
0,0,0,P8157,13.4182642621
0,0,1,P8139,3.94178685703
0,0,0,P7189,3.13732510672
0,0,0,P7922,1.06137702814
0,0,0,P7909,2.69669590833
0,1,0,P7118,2.84827737704
0,0,0,P7128,13.4917554587
0,0,0,P3937,25.2305362595
0,0,0,P3927,4.45322827828
0,0,1,P7746,7.53682871379
0,0,0,P7748,8.74799758478
0,0,0,P8306,7.19627775879
0,0,0,P7476,1.64682100583
0,0,0,P8280,87.5912184957
0,1,0,P8343,64.1598682801
0,0,0,P6517,40.872284513
0,0,0,P8290,4622.26833605
0,0,0,P6514,7.00441624178
0,0,0,P8343,10.0365264918
0,0,0,P6536,788.381280527
0,0,0,P6501,48.3083179184
0,0,0,P7335,23.6765587515
0,0,0,P6703,22.8295695087
0,0,0,P6496,16.9269059126
0,2,0,P7741,4.81621363777
0,0,0,P7741,16.8043056511
0,1,0,P7812,4.54979657241
0,0,0,P7890,2.8659142456
0,0,0,P7868,20.9085801488
0,1,0,P7814,229.052251479
0,0,1,P7822,28.7226760982
0,2,0,P7526,7.8791060292
0,0,0,P7520,32.2307079825
0,0,0,P7519,7.42120795956
0,0,0,P6661,8.41493997025
0,0,0,P7611,24.0691315302
0,0,0,P8392,22.5996359513
0,0,0,P8177,17.0481300873
0,1,0,P7219,79.5800347086
0,0,0,P6655,9.38412888481
0,0,1,P6655,11.1677675738
0,1,0,P4245,3.5816384407
0,1,0,P4257,8.02788154015
0,1,0,P6648,4.19448666278
0,0,0,P6651,8.37023224494
0,0,0,P4237,1642.26408395
0,0,0,P4404,3.751023261
0,0,0,P6550,22.8993968976
0,0,0,P8232,6.24642022173
0,0,0,P8013,31.4095864628
0,0,1,P7272,2.07759875558
0,0,0,P7261,22.4288711624
0,0,0,P8159,25.8951067708
0,0,0,P7333,25.7160781421
0,0,0,P7333,22.4592212127
0,0,0,P8055,13.9831345592
0,0,0,P7290,4.55957708793
0,0,0,P7290,17.5058967449
0,0,0,P7420,8.49515119164
0,0,0,P7412,147.606517404
0,0,0,P6409,19.3514913831
1,17,2,P6417,38.2133658928
0,0,0,P6211,20.322785643
0,0,0,P3674,24.3301401444
0,0,0,P6211,2.74301621432
0,0,0,P3858,6.57127195474
0,1,0,P3648,8.01931301787
0,1,0,P3640,3.30521955803
0,0,0,P3858,33.5049816938
0,1,0,P3663,5.25946977776
0,0,0,P7020,3.08985134393
0,0,0,P5269,28.635261272
0,0,0,P6340,4.83647045934
0,0,0,P5317,72.2903204646
0,0,0,P4897,4.87307472806
0,0,0,P4913,17.4069459714
0,0,0,P5065,1.80578547544
1,0,0,P5362,460.354221287
0,0,0,P4914,136.430504889
0,0,0,P6597,5.51840383016
0,1,0,P6943,1.94532885501
0,1,0,P6943,2.71138923165
0,0,0,P6835,3.92309220702
0,0,0,P6827,2.74395899258
0,1,0,P5209,16.8225874633
0,0,0,P5167,0.970064758681
0,0,0,P4889,3.15064230291
0,0,0,P5195,1.89577573888
0,0,1,P5157,2.57170072258
0,0,1,P6647,367.029519654
0,2,0,P2614,2152.91018695
0,0,2,P3240,5.25671394775
0,0,0,P5551,2.40843570165
0,0,0,P5557,3.29145799433
0,0,0,P5545,2.80927424789
0,1,0,P5536,26.1633036038
0,0,0,P3435,2.23806652687
0,0,0,P2832,2.62263416902
0,0,0,P3066,14.7778797319
0,0,0,P2909,15.3733861551
0,1,0,P2842,1.2998738137
0,1,0,P3066,50.0346087483
0,1,0,P3065,6.95795018097
0,0,0,P3437,2.52299293735
0,0,0,P2847,2.98861275413
0,0,0,P2853,6.31488704115
0,0,0,P3426,1.72615013482
0,1,0,P3110,3.54576176145
0,0,0,P3099,52.108268938
0,0,0,P2850,9.61068175116
0,0,0,P2723,1.78778483861
0,0,0,P3073,1.51633251772
0,0,0,P3075,2.14616883492
1,0,1,P4753,1.37971818948
0,1,0,P3092,2.99956828179
0,1,1,P4761,4.27629342715
0,0,0,P100,27.1102563861
0,1,0,P333,3.76269896258
0,0,0,P86,2.12274287886
0,0,0,P173,34.5715498348
0,1,0,P177,7.06446592827
0,0,0,P80,36.7014840522
0,0,0,P180,37.9502126743
0,4,0,P155,2.87886352413
0,0,0,P83,64.7837149145
0,1,0,P82,22.0934300266
0,2,0,P405,1.17815850721
0,0,0,P2192,1972.80893146
0,0,0,P2108,454.302672555
0,2,0,P5911,8.33550867258
0,0,0,P5909,5.10852966897
0,0,0,P5828,20.2203076216
0,0,0,P2937,5.29019228727
0,0,0,P2942,48.6599245923
1,0,0,P2942,3.55904751206
0,0,0,P2797,19.9569012997
0,0,0,P2699,3.21606217119
0,0,0,P4606,4.7074919345
0,0,1,P2331,287.326737439
0,1,0,P2729,1.93598336167
0,0,0,P2726,0.0626419640425
0,0,0,P4933,19.0179794673
0,0,0,P1122,9.58393041718
0,1,0,P1084,12.5032518155
1,0,0,P1081,25.1095145363
0,0,1,P1118,35.0429596005
0,0,0,P1086,4.40509107015
0,0,0,P1129,11.6592017887
0,0,0,P1106,16.1237615533
0,1,0,P1587,20.3203259132
0,1,0,P6139,7.66932860957
0,0,0,P6141,0.931284999717
0,0,0,P6176,5331.96823482
0,0,0,P6164,4.79725226272
0,0,0,P1347,4.47723960388
0,0,0,P717,3.50619289643
0,0,0,P618,5.7984363867
0,0,0,P1183,3.44932570666
0,0,0,P612,1.09882720224
0,0,0,P1251,13.2689944529
0,0,0,P875,25.1901390999
0,0,0,P286,35.3775237185
0,1,0,P3514,33.5027184158
0,0,0,P2989,145.67966666
0,0,0,P2962,204.507855979
0,0,0,P2542,6.24141634454
0,0,1,P3365,4.20510925743
0,0,0,P2307,6.47455164599
0,0,0,P1945,25.5830967916
0,0,0,P2079,6.010781889
0,0,0,P5222,4.90380583227
0,0,0,P5091,1.45370500201
1,0,0,P4112,8.33286711476
0,0,0,P4023,10.6945825072
0,0,0,P4044,20.3154494894
0,0,0,P4553,7.1147841838
0,0,0,P6804,4.01810761029
0,0,0,P6808,4.25701530877
0,0,0,P6953,4.67973827182
0,0,0,P6795,7.30624426953
0,0,0,P8143,12.8923709859
0,1,0,P7176,8.03218575429
0,0,0,P7565,2.20924241916
0,0,0,P7555,10.5579419823
0,0,0,P7451,18.39879551
0,1,0,P8343,18.7400606652
0,0,0,P8290,1145.63390403
0,0,0,P8290,1171.00609689
0,0,0,P7885,51.2870860973
0,1,0,P7881,37.8022334989
0,0,0,P7614,5.48216093124
0,0,1,P7649,432.620587918
0,0,0,P6532,0.756259040728
0,0,0,P6527,17.5786131146
0,0,0,P6526,23.3354603379
0,0,0,P8392,57.9150936273
0,1,0,P4237,5920.72885744
0,0,0,P4247,8.14327986674
0,0,0,P4191,3.20727293549
0,0,0,P4253,1.18470879381
0,0,0,P6547,27.9147545792
0,0,0,P7584,3.54616485322
0,0,0,P6541,19.6657160486
0,0,0,P8164,16.5033116529
0,1,0,P8253,6.57676610714
0,0,0,P8159,5.56286055645
0,0,0,P7992,10.8285599782
0,1,0,P8055,109.189093044
0,0,0,P7290,7.24147199912
0,0,0,P8076,31.9132824335
0,0,0,P8058,12.0045618686
0,1,0,P6433,9.59802469675
0,0,0,P7027,1.26216367779
0,0,0,P3767,5.67499492743
0,0,1,P3774,20.6542793625
0,0,0,P3698,7.25789836103
0,0,0,P5050,1.65119085753
0,0,0,P5022,16.0070370949
0,0,0,P4903,16.6276152725
0,0,0,P4907,1.96311247353
0,0,0,P6829,5.49972606588
0,0,0,P3227,5.98359730358
0,0,0,P2642,299.221806836
0,0,0,P5536,5.18535632963
0,0,0,P2720,4.4932361861
0,0,0,P318,4.41545492895
0,1,0,P206,23.2281977471
0,0,0,P261,394.150915193
0,0,0,P5730,831.980798499
0,0,0,P2224,1166.66981192
0,0,1,P2225,1.69805091686
0,0,0,P5726,466.868079574
0,1,0,P13,5.58165757129
0,0,1,P2192,0.92932755454
0,1,0,P11,7.96779197826
0,0,0,P261,9.76253253501
0,0,0,P262,12.9472523187
0,0,0,P3617,7.48479448023
0,1,0,P5729,2896.6834002
0,0,0,P4,697.551185543
0,0,0,P2,1339.2845329
0,0,0,P1,4.76721982658
0,0,0,P1,1.45106146951
0,0,0,P3617,4.97178513307
0,0,0,P6054,19.3250034745
0,0,0,P6053,3.65415560761
0,0,0,P5662,16.5103282769
0,0,0,P5663,1.34636631462
0,0,0,P5697,3.65573665079
0,0,0,P2203,3.78370638107
0,3,0,P2319,2.61212411608
0,1,0,P597,1.0180706928
0,0,0,P2207,3.12506442109
0,0,0,P276,3.30011722135
0,0,0,P584,2.65295739692
0,0,0,P2449,1339.92883769
0,0,0,P20,3.00636615252
0,0,0,P27,8.76715412215
0,0,0,P2446,1.49174175605
0,0,0,P2134,3.19951667646
0,0,0,P2449,1.14850858132
0,0,0,P2449,1.79465928285
0,0,0,P2261,2.72992793291
0,0,0,P35,1.30239634725
0,0,0,P2108,647.6279816
0,1,0,P2106,10.0293803191
0,0,0,P21,30.478725102
0,0,0,P5911,9.50348435182
0,0,0,P3581,6.93861819065
1,0,0,P5911,44.9088052288
0,0,0,P3576,6.74380441841
0,0,0,P4918,8.67813720431
0,1,0,P2198,448.657832803
0,0,0,P4926,16.8425842767
0,0,0,P5904,23.269647635
0,0,0,P4920,0.324329143312
0,0,0,P4920,13.3639820796
0,1,0,P5930,1.40789090767
0,0,1,P5929,1.50623134366
0,0,0,P5926,8.07153521085
0,0,0,P3737,12.3118929644
0,0,0,P6022,0.462355832257
0,0,0,P5950,6.35387288648
0,0,1,P3737,1.14596864806
0,0,0,P5959,661.887740573
0,1,0,P3717,4.47006764189
0,0,0,P5927,7.34791968898
0,0,0,P5950,4.04066302933
0,0,0,P2405,1.83922549825
0,0,0,P3002,5.94805742184
0,0,0,P2752,9.87938346689
0,0,0,P2671,36.525228781
0,0,0,P2761,4.4113556024
0,0,0,P2675,9.30174328497
0,0,0,P2755,2.49459349541
0,0,0,P2675,9.61491742625
0,0,0,P2999,14.174045876
0,0,0,P2762,9.93360700038
0,0,0,P3013,1.02718941718
0,0,0,P2928,3.53532020344
0,0,0,P2783,3.69982299433
0,0,0,P2670,7.26213493808
0,0,0,P2759,7.65577618024
0,0,0,P2939,0.841739197442
0,0,0,P2784,4.9731340301
0,0,0,P2999,10.6958241939
0,1,0,P3000,11.0958318031
0,1,0,P4659,9.66937849594
0,0,1,P2796,4.81173928014
0,0,0,P2706,3.87844746592
0,0,0,P2800,6.47371147545
0,0,0,P4636,4.22999335038
0,0,0,P2800,8.37462812797
1,0,0,P2776,1.91108308232
0,0,1,P2690,29.2949675886
0,0,0,P2717,5.09200909907
0,2,0,P2778,10.4989081866
0,0,0,P2704,33.6197837257
0,0,0,P3609,0.696254160031
0,0,0,P4950,436.920269892
1,0,0,P3972,3.19552090015
0,1,0,P4932,2.96774309583
0,0,0,P4932,2.47095163586
0,0,0,P3588,19.7308006796
0,0,0,P4574,6.75839669042
0,1,0,P3595,198.235328287
0,0,0,P3598,28.7324547682
0,0,0,P2922,16.5688492614
0,0,0,P4573,2.96336093624
0,1,0,P4943,3.43035022202
0,0,0,P4949,9.36604925386
0,0,0,P4949,2.11699555229
0,1,0,P3584,165.422491269
0,0,0,P1313,7.81256926526
0,0,0,P5731,12.981225947
1,0,0,P1309,1.3185278818
0,2,0,P550,10.7839572627
0,0,0,P5751,4.40582998647
0,2,0,P5733,21.9208405933
1,0,1,P544,2.80938519037
0,0,0,P536,930.933368015
0,0,0,P5737,7.5858344638
1,0,0,P5733,2.47720699724
0,1,0,P5733,0.29016578488
0,0,0,P539,22.8608861591
1,0,0,P544,24.0434932978
0,0,0,P1729,6.76381019431
0,0,0,P1074,2.28669213676
0,1,0,P1052,1.57607245298
0,0,0,P5671,4.3093075258
0,3,0,P2729,1.07247383233
0,0,0,P2726,5.60479024698
0,0,0,P4933,49.6901454167
0,0,0,P2745,5.07706817365
0,0,0,P3615,2.86351184535
0,0,0,P3613,5.38734182819
0,0,0,P2726,1.09129793422
0,0,0,P2219,5.56411870546
0,0,0,P2402,94.9332358398
0,0,0,P5754,3.68921221032
0,0,0,P5766,1.39539378103
0,1,0,P2229,4.38637581873
0,0,0,P2218,6.48495294515
0,0,0,P5755,2.99810981106
0,0,0,P5754,9.53557917301
0,0,0,P264,3.68755562525
0,0,0,P267,9.06085842135
0,1,0,P2250,2.31603715194
0,0,0,P270,6.01330660306
0,0,0,P5578,5.95720930794
0,1,0,P5580,31.8470188595
0,1,0,P1128,916.647187928
0,1,0,P5581,6.34758726692
1,0,0,P1130,3.26124052886
0,5,0,P1133,4.64948169947
0,1,0,P1128,903.953919733
1,0,1,P1130,1.99763837662
0,0,0,P1123,15.6975466409
0,1,0,P1114,10.9545993848
0,0,0,P1128,1016.55093902
0,0,0,P5560,11.8037527122
0,0,0,P6123,11.1150415404
0,0,0,P6124,8.48643260928
0,0,0,P1605,5.10128519859
1,0,1,P5563,192.000165654
0,0,0,P5566,34.3563309603
0,0,0,P6151,3.68717003572
0,1,0,P6463,3.47754588243
0,0,0,P1085,6.85477604371
0,0,0,P5596,12.5369868729
0,1,0,P5627,3.60950536611
0,0,0,P6183,0.373136357796
0,1,0,P5599,7.69143307386
1,0,0,P6146,0.962161526088
0,0,1,P6141,0.858988077486
0,0,0,P6174,4990.36318874
0,0,0,P5622,9.61628508816
0,0,0,P6184,4.42475841336
0,0,0,P5627,7.18276548537
0,3,0,P6176,4796.72285399
0,0,0,P485,1548.763588
0,0,0,P1150,0.468526750182
0,0,0,P502,19.6370107706
0,0,0,P505,13.2712606093
0,0,2,P1158,23.5703288646
0,0,0,P1150,4.17446859339
1,0,0,P1467,3.78329780302
0,0,0,P1461,5.18128764731
0,1,0,P1002,45.8208588867
0,0,0,P1383,4.80641946539
0,0,0,P1347,12.2071799316
0,0,0,P1324,6.83040545889
1,0,0,P960,2.56378830831
0,0,0,P1164,2.70786286976
0,0,0,P1422,2.85966429787
0,1,0,P1166,0.560111510343
0,0,0,P1360,18.4907683083
0,1,0,P1419,8.4052487099
0,0,0,P5649,17.6605471971
0,1,0,P6293,243.346331581
0,0,0,P6102,2567.57858635
0,1,0,P5645,5.65878340215
0,0,0,P6300,2.4866700273
0,0,0,P6101,4.62456557141
0,2,0,P6102,2567.83941887
0,0,0,P5647,23.3021266547
0,0,0,P5642,6.48098400577
0,0,1,P687,9.23763914142
0,0,0,P633,18.9532484311
0,0,0,P808,14.8945001976
0,2,0,P715,8.84913337092
0,0,0,P679,8.05379133436
0,0,0,P687,13.2665837248
0,0,0,P619,4.56269119648
0,1,0,P703,2.68842050096
0,0,0,P706,2.26518419819
0,0,0,P1178,1.90512941694
0,0,0,P866,1.55275912031
0,0,0,P902,1.68820901206
0,0,0,P834,2.89671705336
0,0,0,P921,13.1054247817
0,0,0,P1207,9.4101736936
0,0,0,P1229,1.86730303968
0,1,0,P1207,2.61274570866
0,0,0,P1208,13.0304415428
0,0,0,P1208,18.2954844876
0,0,0,P766,9.47546964381
0,0,0,P298,5.80521151938
0,1,0,P299,11.5531028707
0,0,0,P766,9.03139658389
0,0,0,P599,3.28310685326
0,0,0,P1758,5.1302177074
0,0,1,P1190,1.89839549516
0,0,0,P1679,2.96377142241
0,0,0,P1282,2.96412518467
0,0,0,P1679,11.6391295949
0,1,0,P1679,3.87328026665
0,0,0,P646,3.12973651513
0,0,0,P1251,20.2701516699
0,0,0,P2604,2.6790340099
0,0,0,P3476,23.8869070633
0,0,0,P3448,4.0337528664
0,0,0,P2435,16.9282951263
1,0,2,P3277,3.94816956524
0,0,0,P2437,3.46588153737
0,0,0,P3481,3.03941254866
0,0,0,P3532,1.95968443498
0,1,0,P2435,508.88401967
0,0,0,P2989,5.17415302405
0,0,1,P3540,1.4994288184
0,0,0,P73,3554.39700211
0,0,0,P1995,22.5098585663
0,0,0,P1968,207.495930807
0,0,0,P1974,144.02106787
0,0,0,P3350,1.05052854432
0,0,0,P3341,1.63382676631
0,0,0,P2948,2.28041539152
0,0,0,P2964,1.0594123813
0,0,0,P2309,1.2224588583
0,0,0,P2418,3.1945706804
0,0,0,P2417,239.249683962
0,0,0,P3357,7.47910660078
0,1,0,P2420,12.0601399635
0,0,0,P2948,1.68028668594
0,0,0,P2359,5.3852349109
0,0,0,P3367,6.22178415879
0,0,0,P2266,2.46323442708
0,0,0,P3361,3.33123007389
0,0,1,P3338,2.35239674131
0,0,0,P3340,9.18692728258
0,0,0,P2510,6.7182487469
0,0,0,P2954,21.5397094636
0,0,0,P2307,19.7532433577
0,0,0,P3334,198.216736565
0,0,0,P63,1.50926363443
0,0,0,P1703,22.18753832
0,0,0,P1922,395.571585312
0,0,0,P2295,56.6740298684
0,0,0,P1923,3.15847521045
0,0,0,P1705,2.06120040019
0,0,0,P2284,1.49502467451
0,0,0,P1711,2.35095721118
0,3,0,P1721,4.4361944187
0,0,0,P2166,1028.79856403
0,0,0,P2166,5317.1924427
0,1,0,P1987,6.44375864874
0,0,0,P2166,1020.48878802
0,0,0,P2166,1221.71533588
0,0,0,P1992,398.190426841
0,0,0,P1987,568.638186158
0,0,0,P2085,8.23905626471
0,0,1,P2187,2.0431034054
0,0,0,P2059,3.94150797548
0,2,0,P2967,606.619700486
0,0,0,P2423,8.20736669375
0,0,0,P2967,605.730629991
0,0,0,P2063,2.96596756291
0,0,0,P2965,176.330135311
0,0,0,P2966,1.87766146175
0,0,0,P4450,11.4980402461
0,0,0,P3993,1.79221979373
0,0,0,P5381,1.77084528233
0,0,0,P4014,1.35029705059
0,0,0,P4444,8.46170370855
0,0,0,P5222,2.23570296836
0,0,0,P4450,32.5569479569
0,0,0,P4015,0.737432060408
0,3,0,P5382,2.4976694148
0,0,0,P5378,5.14223864546
0,0,0,P5223,3.26165087244
0,0,0,P4445,0.710402322169
0,0,0,P5378,5.71987673685
0,0,0,P5378,0.827773371229
0,1,0,P4458,1.82668784976
0,0,0,P5389,2.31612447815
0,0,0,P5379,1.28045899034
0,0,0,P4014,4.6313884894
0,0,0,P4016,1.50143179224
0,0,0,P3980,14.2638182684
0,0,0,P3129,224.113849179
0,1,0,P4675,2.23205045091
0,0,0,P4627,0.459434079408
0,0,0,P4472,6.59554828688
0,0,0,P5089,72.9959806828
0,1,0,P5460,2.03313084989
0,0,0,P5117,2.27137079354
0,1,0,P5431,23.4123223716
0,0,0,P5105,18.224491181
0,0,0,P5465,1.61720125808
0,2,0,P4110,6.20064417084
0,0,0,P5082,14.3527646453
0,0,0,P4873,5.46409926579
0,0,0,P4873,12.3038238334
0,0,0,P4880,5.68665609782
0,0,0,P5087,27.4360842962
0,1,0,P4132,9.82439749731
0,0,0,P4023,24.2764466797
0,0,0,P4037,15.9859897739
0,0,0,P4561,24.7002139719
0,0,0,P5230,100.739778208
0,1,0,P4783,0.686118096393
0,0,0,P5231,3.37288199606
0,0,0,P4794,5.65803812496
0,1,0,P4788,2.86475156481
0,0,0,P5486,1.02704323813
0,0,0,P5474,2.20237073865
0,0,0,P6803,3.55634831048
0,0,0,P6803,9.67149038128
0,0,0,P6978,20.1173868853
0,0,0,P6801,5.56090773594
0,0,0,P6968,12.7049989815
1,0,0,P3822,4.4638318705
0,2,0,P7179,21.038249194
0,0,1,P7179,28.2186415552
0,0,0,P6799,572.049102681
0,0,0,P7071,10.4970726787
0,0,0,P7183,7.45158292038
0,0,0,P3950,5.92127272871
0,0,0,P3823,4.82285880125
0,0,0,P7148,3.63898131311
0,7,3,P7140,5.66565073843
0,0,0,P7176,38.1852994984
0,0,1,P7167,33.988111016
0,0,0,P8143,11.9687421491
0,0,0,P7935,11.5334649036
1,0,0,P7935,4.22681721063
0,0,0,P8153,3.244038051
0,0,0,P8158,46.7420469869
2,0,1,P8143,13.5194206965
0,0,0,P8139,5.27475240678
0,1,0,P7152,3956.04141115
0,1,0,P7940,3.29060680863
0,0,0,P7945,7.4594040919
0,2,0,P7943,6.33677156117
0,0,0,P8158,10.0799997259
0,1,0,P7909,3.30195642253
0,0,0,P7924,23.5560679356
0,4,0,P7931,70.003747165
1,0,0,P7909,7.65745874013
0,0,0,P7924,8.76914622225
1,0,0,P7188,7.03297476879
0,2,1,P7194,20.7446017527
0,1,0,P7926,4.28069358918
0,1,0,P7126,21.7708977596
0,0,0,P3625,134.175059986
0,0,0,P7549,15.8380421526
0,0,0,P7555,8.79003247352
0,0,0,P7555,12.2959886404
0,0,0,P7746,2.74537766857
0,0,0,P7668,7.03605409299
0,0,0,P7748,9.78389811593
0,0,0,P7750,54.6169847081
0,0,0,P7356,9.21756892952
0,1,0,P8302,4.062149427
0,0,0,P7464,3.27380188424
0,0,0,P7405,710.138440008
0,0,0,P7366,181.311318252
1,0,0,P7369,7.07069131711
0,0,0,P7403,1832.8040399
0,0,0,P8341,2.50581700816
0,0,0,P8340,1448.72540287
0,0,0,P8278,31.0250719457
0,0,0,P8336,5.0112162385
0,0,0,P8290,22.2511825525
0,0,0,P6511,15.3928953759
0,0,0,P8296,1275.27887186
0,1,0,P8290,1789.47695903
0,0,0,P6517,196.370480674
0,0,0,P8290,4468.79546559
0,0,0,P8292,25.2091422532
0,0,0,P8289,14.7450124388
0,1,0,P8296,2526.46298188
0,0,0,P6497,0.696632508306
0,0,0,P6496,10.6891727091
0,0,0,P6496,7.93216627709
0,1,0,P7488,1.68111088375
0,3,0,P6713,3.22805323575
0,0,0,P6719,47.1279218768
0,0,0,P6505,7.24281729005
0,0,0,P7479,15.4954025512
0,0,0,P6754,13.2322900309
0,0,0,P7482,5.50794400101
0,0,0,P7352,7.48715260982
0,0,0,P6496,20.9171023783
0,1,0,P7819,8.69945640409
0,0,0,P7818,21.7703046243
0,0,0,P7868,8.64897826574
1,0,0,P7728,8.97566659243
0,0,0,P6749,2.12027712212
0,0,0,P7819,9.89597073512
0,1,0,P7743,5.52370035638
0,0,0,P7741,14.0557230807
0,1,0,P7741,13.7812622901
0,1,0,P7812,12.8742943796
0,0,0,P7865,16.5349938984
0,0,0,P7816,217.467644875
0,0,0,P7397,851.197903473
0,0,0,P7724,4330.64728763
0,0,0,P7397,2018.50732756
0,0,0,P7400,20.6470310546
0,0,0,P7397,2299.30186371
0,1,0,P7398,1669.3952952
0,0,0,P7397,2045.6201097
0,0,0,P7397,2077.95351286
0,0,0,P7398,2285.2909959
0,0,0,P6508,13.7199741774
0,0,0,P8298,30.9973174429
0,0,0,P8357,1734.40508196
0,0,0,P7602,12.7611856627
0,0,0,P6518,5.82447588673
0,0,0,P6520,15.9997045365
0,0,0,P6520,19.269027361
0,0,0,P6520,4.42933372869
0,0,0,P6518,17.1722499276
0,0,0,P7611,14.0216192157
0,0,0,P7616,2.05249281774
0,0,0,P4219,48.2522426162
0,0,0,P7612,11.4639223535
0,0,0,P6520,3.53261656891
0,0,0,P7614,7.48361550111
0,0,0,P6532,9.10794529302
0,0,0,P6520,2.79148724608
0,0,0,P7607,19.6922171935
0,0,0,P6527,27.2590916501
0,0,0,P8177,1.14562507369
0,1,0,P7229,3.69954371414
0,0,0,P6491,1270.7931695
0,0,0,P8179,25.9280134371
0,0,0,P7204,19.0844357594
0,1,0,P8392,552.376071357
1,0,0,P7211,4.30404671326
0,0,0,P6527,19.6151662903
0,0,0,P6527,21.6167169451
0,1,0,P7204,24.1122568627
0,0,0,P4253,4.16105474002
0,0,0,P4268,33.2153732166
0,0,0,P4237,1.87200705153
0,1,0,P4252,255.31881322
0,0,0,P6648,3.12269963705
0,0,0,P4245,8.66750421087
1,0,0,P4240,4.28964380142
0,1,0,P4246,3.61960197167
0,0,0,P4246,3.27683913062
0,0,0,P4276,7276.7260933
0,0,0,P4340,4.70348476815
0,1,0,P6541,186.35571356
0,0,0,P6542,28.8742256039
0,0,1,P6541,10.0800734552
0,0,0,P7657,0.927413312545
0,0,1,P6548,13.8964667719
0,0,0,P7593,17.783078259
0,0,0,P8222,906.882234294
0,0,0,P8233,5.67426265094
0,1,0,P8235,277.397865028
0,0,0,P8223,3.4446490455
0,0,0,P8170,13.0211624943
0,1,0,P8043,7.32731351779
0,0,0,P8251,7.32178639967
0,0,0,P8169,7.39934734644
0,0,0,P7243,19.4105855456
0,0,0,P8161,8.98227224652
0,0,0,P8033,8.35667175234
0,0,0,P8030,7.54075122247
1,0,0,P7955,11.3766136654
0,0,0,P8159,14.1601983566
0,0,0,P8030,1721.80956983
0,1,0,P7410,3.61519607432
0,0,0,P8055,82.1330782312
0,0,0,P8090,7.10226828976
0,1,0,P8058,11.0188911249
0,1,0,P8074,15.5366485694
0,0,0,P8078,9.38094301608
0,0,0,P8060,16.886892863
0,0,0,P6231,635.558967539
0,2,0,P6420,0.962798557003
0,2,0,P3669,3720.20446781
0,0,1,P6228,4.0286694353
0,0,0,P3841,2.63591519713
0,0,0,P3901,15.2751635876
0,0,0,P3836,34.4006114333
0,0,0,P3839,35.1469529948
0,0,0,P3916,0.624201117843
0,0,0,P7027,71.1749185829
0,0,0,P7039,4.98483257565
0,1,0,P3791,5.07880529297
1,1,0,P5270,2.22077473274
0,0,0,P3793,24.9206622754
0,0,0,P3692,13.1675255467
0,0,0,P6375,4.41271901679
0,0,0,P6353,2.92376183731
0,11,1,P6382,23.3680532579
0,0,0,P5303,2.5612771187
0,0,0,P5296,2.44432800669
0,0,0,P5342,3.39122113839
0,0,1,P5339,2.22362580217
0,0,0,P5296,1.75610355776
0,1,0,P5366,6.77927180977
0,0,0,P5360,6.68060404882
0,0,0,P5366,0.927625212203
0,0,0,P4913,7.17323726034
0,0,0,P4911,6.70687295906
0,1,0,P5026,1.35932097361
0,0,1,P5026,3.21910743536
0,0,0,P5357,36.3142595406
0,0,0,P6823,10.6150587245
0,0,0,P6834,13.5888693931
0,2,0,P6841,6.78068039376
0,0,0,P6861,2.41406556172
0,0,0,P6835,4.5504789158
0,0,0,P6626,5.3985485023
0,0,0,P6841,0.735067812353
0,0,0,P6893,17.5188107942
0,0,0,P6829,3.41387392544
0,3,0,P5156,6.42631585525
0,0,0,P4892,4.47235560269
0,0,0,P4891,5.34146960414
0,0,0,P6487,142.253964642
0,0,0,P4064,3.19355508212
0,1,0,P5167,4.83143014795
0,0,0,P4889,3.47388450471
0,0,0,P5197,1.83263529623
0,0,0,P6519,4.60830321636
0,0,0,P5162,1.98565187578
0,0,0,P4889,3.07703930036
0,0,0,P4074,16.653840779
0,0,0,P3385,7.90258549061
0,0,0,P3402,4.46560461045
0,0,0,P3383,3.92096845002
0,0,0,P3417,85.547517907
0,0,0,P3395,1.81121813413
0,0,0,P2642,0.518512525634
0,2,0,P3105,4.25535368632
0,0,0,P5497,1.12465419948
0,2,0,P2853,6.97618927929
0,0,0,P5501,1117.77270725
0,0,0,P2810,2.20079949805
0,0,0,P2720,4.66255974242
0,0,0,P3435,3.4568506108
0,0,0,P2820,2620.52590849
0,0,0,P3096,2.95167189267
0,0,0,P5502,0.846068776062
0,2,0,P3066,39.2951432686
0,0,0,P2878,3.60832232974
2,0,0,P2848,5.81815120686
0,0,0,P2842,0.475435423381
0,0,0,P3435,34.3233355198
0,0,0,P3075,2.79526562049
0,0,0,P3076,9.02653302278
0,0,0,P3178,16.2684063114
0,0,0,P318,11.4095751374
0,0,0,P100,11.4952993595
0,4,1,P121,6.30200437463
0,1,0,P333,8.04143166444
0,0,0,P113,2.06555131854
0,0,0,P318,3.09640645081
0,0,0,P78,10.4627068043
0,0,0,P149,4.8141472725
0,0,0,P165,78.8678784202
0,0,0,P157,2.54681719575
0,0,0,P157,7.30263514418
0,0,0,P156,32.7076196073
0,0,0,P81,26.323941065
0,2,2,P380,0.664214623138
0,0,0,P156,43.129059278
0,0,0,P253,2186.95363006
0,0,0,P835,14114.1006455
0,0,0,P130,25.7842386834
0,0,0,P405,2.39077198552
0,0,0,P12,2.44019693723
0,1,0,P12,301.678847163
0,0,0,P261,15.7445550571
0,0,0,P5675,2415.09974193
0,0,0,P5674,4.27010183633
0,0,0,P1,7.00818995745
0,0,0,P5778,2.65329125197
0,0,0,P5663,0.740432717495
0,1,0,P5790,1.26885673411
0,0,0,P5697,4.03563997683
0,0,0,P278,0.738799383511
0,2,0,P2202,3.38551298542
0,0,0,P2448,1328.95186087
0,0,0,P2575,2.24059746726
0,0,0,P2106,83.9112659158
0,0,0,P2448,4.90679240187
0,1,0,P2107,711.230738579
0,1,0,P24,3.65666601812
0,0,0,P5917,13.9637412032
0,1,1,P3965,4.56773508672
0,1,0,P4955,3.55822039321
0,0,0,P3716,3.46017031326
0,1,0,P3745,2147.99564016
0,0,0,P5986,5.44576193524
0,0,0,P3745,2.94559128916
0,0,0,P2468,1503.16426732
0,0,1,P2936,1.04708179868
0,0,0,P2104,4.48449851397
0,5,3,P2405,2.1026427224
0,0,0,P3015,0.559670504541
0,0,0,P2102,1.95492145458
0,0,0,P2439,3.44881722219
0,0,0,P3015,2.35168186741
0,0,0,P2697,11.8211624874
0,0,0,P2693,3.61888621837
1,0,0,P4574,8.43018871162
